id,username,email,password_hash,first_name,last_name,nationality,role_id,account_status,email_verified,review_count,created_at
1,Corine,corine@example.com,temp_hash,Corine,,,2,active,False,1,2025-06-17T10:19:08.293120
2,Jack,jack@example.com,temp_hash,Jack,,,2,active,False,1,2025-06-17T10:19:08.293152
3,Ai-lin,ai-lin@example.com,temp_hash,Ai-lin,,,2,active,False,1,2025-06-17T10:19:08.293163
4,Mladen,mladen@example.com,temp_hash,Mladen,,,2,active,False,1,2025-06-17T10:19:08.293168
5,Kieran,kieran@example.com,temp_hash,Kieran,,,2,active,False,1,2025-06-17T10:19:08.293174
6,Mark,mark@example.com,temp_hash,Mark,,,2,active,False,1,2025-06-17T10:19:08.293179
7,Sanda,sanda@example.com,temp_hash,Sanda,,,2,active,False,1,2025-06-17T10:19:08.293185
8,Lahmi,lahmi@example.com,temp_hash,Lahmi,,,2,active,False,1,2025-06-17T10:19:08.293190
9,Orit,orit@example.com,temp_hash,Orit,,,2,active,False,1,2025-06-17T10:19:08.293195
10,Debbie,debbie@example.com,temp_hash,Debbie,,,2,active,False,1,2025-06-17T10:19:08.293200
11,Van,van@example.com,temp_hash,Van,,,2,active,False,1,2025-06-17T10:19:08.293205
12,Keeshia,keeshia@example.com,temp_hash,Keeshia,,,2,active,False,1,2025-06-17T10:19:08.293209
13,Alina,alina@example.com,temp_hash,Alina,,,2,active,False,1,2025-06-17T10:19:08.293214
14,Clara,clara@example.com,temp_hash,Clara,,,2,active,False,1,2025-06-17T10:19:08.293218
15,Trautmann,trautmann@example.com,temp_hash,Trautmann,,,2,active,False,1,2025-06-17T10:19:08.293223
16,Parushinee,parushinee@example.com,temp_hash,Parushinee,,,2,active,False,1,2025-06-17T10:19:08.293228
17,Chineida,chineida@example.com,temp_hash,Chineida,,,2,active,False,1,2025-06-17T10:19:08.293232
18,Mohammed,mohammed@example.com,temp_hash,Mohammed,,,2,active,False,1,2025-06-17T10:19:08.293237
19,Abdulhafiez,abdulhafiez@example.com,temp_hash,Abdulhafiez,,,2,active,False,1,2025-06-17T10:19:08.293241
20,Costa,costa@example.com,temp_hash,Costa,,,2,active,False,1,2025-06-17T10:19:08.293246
21,Joerg,joerg@example.com,temp_hash,Joerg,,,2,active,False,1,2025-06-17T10:19:08.293250
22,Dieynaba,dieynaba@example.com,temp_hash,Dieynaba,,,2,active,False,1,2025-06-17T10:19:08.293255
23,Sabine,sabine@example.com,temp_hash,Sabine,,,2,active,False,1,2025-06-17T10:19:08.293259
24,Marta,marta@example.com,temp_hash,Marta,,,2,active,False,1,2025-06-17T10:19:08.293264
25,Mirjana,mirjana@example.com,temp_hash,Mirjana,,,2,active,False,1,2025-06-17T10:19:08.293268
26,Sharma,sharma@example.com,temp_hash,Sharma,,,2,active,False,1,2025-06-17T10:19:08.293273
27,Derek,derek@example.com,temp_hash,Derek,,,2,active,False,1,2025-06-17T10:19:08.293277
28,Bm,bm@example.com,temp_hash,Bm,,,2,active,False,1,2025-06-17T10:19:08.293281
29,Pascal,pascal@example.com,temp_hash,Pascal,,,2,active,False,1,2025-06-17T10:19:08.293286
30,Younous,younous@example.com,temp_hash,Younous,,,2,active,False,1,2025-06-17T10:19:08.293290
31,Heda,heda@example.com,temp_hash,Heda,,,2,active,False,1,2025-06-17T10:19:08.293295
32,Andriy,andriy@example.com,temp_hash,Andriy,,,2,active,False,1,2025-06-17T10:19:08.293300
33,Olesya,olesya@example.com,temp_hash,Olesya,,,2,active,False,1,2025-06-17T10:19:08.293304
34,Matthew,matthew@example.com,temp_hash,Matthew,,,2,active,False,1,2025-06-17T10:19:08.293310
35,Tripti,tripti@example.com,temp_hash,Tripti,,,2,active,False,1,2025-06-17T10:19:08.293314
36,Suzy,suzy@example.com,temp_hash,Suzy,,,2,active,False,1,2025-06-17T10:19:08.293318
37,Sabir,sabir@example.com,temp_hash,Sabir,,,2,active,False,1,2025-06-17T10:19:08.293323
38,Mercy,mercy@example.com,temp_hash,Mercy,,,2,active,False,1,2025-06-17T10:19:08.293327
39,Danish,danish@example.com,temp_hash,Danish,,,2,active,False,1,2025-06-17T10:19:08.293331
40,Martin,martin@example.com,temp_hash,Martin,,,2,active,False,1,2025-06-17T10:19:08.293336
41,Katrine,katrine@example.com,temp_hash,Katrine,,,2,active,False,1,2025-06-17T10:19:08.293340
42,Joao,joao@example.com,temp_hash,Joao,,,2,active,False,1,2025-06-17T10:19:08.293345
43,Amie,amie@example.com,temp_hash,Amie,,,2,active,False,1,2025-06-17T10:19:08.293349
44,Arben,arben@example.com,temp_hash,Arben,,,2,active,False,1,2025-06-17T10:19:08.293354
45,Mariem,mariem@example.com,temp_hash,Mariem,,,2,active,False,1,2025-06-17T10:19:08.293358
46,Gavin,gavin@example.com,temp_hash,Gavin,,,2,active,False,1,2025-06-17T10:19:08.293362
47,Baris,baris@example.com,temp_hash,Baris,,,2,active,False,1,2025-06-17T10:19:08.293367
48,Sangchup,sangchup@example.com,temp_hash,Sangchup,,,2,active,False,1,2025-06-17T10:19:08.293371
49,Alessandra,alessandra@example.com,temp_hash,Alessandra,,,2,active,False,1,2025-06-17T10:19:08.293376
50,Katherine,katherine@example.com,temp_hash,Katherine,,,2,active,False,1,2025-06-17T10:19:08.293381
51,Katie,katie@example.com,temp_hash,Katie,,,2,active,False,1,2025-06-17T10:19:08.293385
52,Yazeed,yazeed@example.com,temp_hash,Yazeed,,,2,active,False,1,2025-06-17T10:19:08.293390
53,Ramez,ramez@example.com,temp_hash,Ramez,,,2,active,False,1,2025-06-17T10:19:08.293394
54,Adil,adil@example.com,temp_hash,Adil,,,2,active,False,1,2025-06-17T10:19:08.293399
55,Bedros,bedros@example.com,temp_hash,Bedros,,,2,active,False,1,2025-06-17T10:19:08.293403
56,Klein,klein@example.com,temp_hash,Klein,,,2,active,False,1,2025-06-17T10:19:08.293407
57,Ivor,ivor@example.com,temp_hash,Ivor,,,2,active,False,1,2025-06-17T10:19:08.293412
58,Analiza,analiza@example.com,temp_hash,Analiza,,,2,active,False,1,2025-06-17T10:19:08.293416
59,Khalid,khalid@example.com,temp_hash,Khalid,,,2,active,False,1,2025-06-17T10:19:08.293421
60,Conleth,conleth@example.com,temp_hash,Conleth,,,2,active,False,1,2025-06-17T10:19:08.293425
61,Abigail,abigail@example.com,temp_hash,Abigail,,,2,active,False,1,2025-06-17T10:19:08.293430
62,Luo,luo@example.com,temp_hash,Luo,,,2,active,False,1,2025-06-17T10:19:08.293434
63,Mickael,mickael@example.com,temp_hash,Mickael,,,2,active,False,1,2025-06-17T10:19:08.293439
64,Nick,nick@example.com,temp_hash,Nick,,,2,active,False,1,2025-06-17T10:19:08.293444
65,António,antónio@example.com,temp_hash,António,,,2,active,False,1,2025-06-17T10:19:08.293455
66,Grigore,grigore@example.com,temp_hash,Grigore,,,2,active,False,1,2025-06-17T10:19:08.293459
67,Judit,judit@example.com,temp_hash,Judit,,,2,active,False,1,2025-06-17T10:19:08.293464
68,Angshuman,angshuman@example.com,temp_hash,Angshuman,,,2,active,False,1,2025-06-17T10:19:08.293468
69,Damian,damian@example.com,temp_hash,Damian,,,2,active,False,1,2025-06-17T10:19:08.293473
70,Melanie,melanie@example.com,temp_hash,Melanie,,,2,active,False,1,2025-06-17T10:19:08.293477
71,Shrijith,shrijith@example.com,temp_hash,Shrijith,,,2,active,False,1,2025-06-17T10:19:08.293482
72,Ornella,ornella@example.com,temp_hash,Ornella,,,2,active,False,1,2025-06-17T10:19:08.293486
73,Maria,maria@example.com,temp_hash,Maria,,,2,active,False,1,2025-06-17T10:19:08.293490
74,Narina,narina@example.com,temp_hash,Narina,,,2,active,False,1,2025-06-17T10:19:08.293494
75,Anniina,anniina@example.com,temp_hash,Anniina,,,2,active,False,1,2025-06-17T10:19:08.293499
76,Keith,keith@example.com,temp_hash,Keith,,,2,active,False,1,2025-06-17T10:19:08.293503
77,Jerzy,jerzy@example.com,temp_hash,Jerzy,,,2,active,False,1,2025-06-17T10:19:08.293507
78,Aswini,aswini@example.com,temp_hash,Aswini,,,2,active,False,1,2025-06-17T10:19:08.293516
79,Fitim,fitim@example.com,temp_hash,Fitim,,,2,active,False,1,2025-06-17T10:19:08.293521
80,Cho,cho@example.com,temp_hash,Cho,,,2,active,False,1,2025-06-17T10:19:08.293526
81,Wafa,wafa@example.com,temp_hash,Wafa,,,2,active,False,1,2025-06-17T10:19:08.293530
82,Shahd,shahd@example.com,temp_hash,Shahd,,,2,active,False,1,2025-06-17T10:19:08.293535
83,Caroline,caroline@example.com,temp_hash,Caroline,,,2,active,False,1,2025-06-17T10:19:08.293539
84,Gennaro,gennaro@example.com,temp_hash,Gennaro,,,2,active,False,1,2025-06-17T10:19:08.293543
85,Siobhan,siobhan@example.com,temp_hash,Siobhan,,,2,active,False,1,2025-06-17T10:19:08.293548
86,Felipe,felipe@example.com,temp_hash,Felipe,,,2,active,False,1,2025-06-17T10:19:08.293553
87,Khaled,khaled@example.com,temp_hash,Khaled,,,2,active,False,1,2025-06-17T10:19:08.293557
88,Hayley,hayley@example.com,temp_hash,Hayley,,,2,active,False,1,2025-06-17T10:19:08.293561
89,Trudy,trudy@example.com,temp_hash,Trudy,,,2,active,False,1,2025-06-17T10:19:08.293566
90,Charis,charis@example.com,temp_hash,Charis,,,2,active,False,1,2025-06-17T10:19:08.293570
91,Glen,glen@example.com,temp_hash,Glen,,,2,active,False,1,2025-06-17T10:19:08.293575
92,Tess,tess@example.com,temp_hash,Tess,,,2,active,False,1,2025-06-17T10:19:08.293579
93,Fanny,fanny@example.com,temp_hash,Fanny,,,2,active,False,1,2025-06-17T10:19:08.293583
94,Rowena,rowena@example.com,temp_hash,Rowena,,,2,active,False,1,2025-06-17T10:19:08.293588
95,Willem,willem@example.com,temp_hash,Willem,,,2,active,False,1,2025-06-17T10:19:08.293593
96,Kathryn,kathryn@example.com,temp_hash,Kathryn,,,2,active,False,1,2025-06-17T10:19:08.293597
97,Hani,hani@example.com,temp_hash,Hani,,,2,active,False,1,2025-06-17T10:19:08.293602
98,Ekaterina,ekaterina@example.com,temp_hash,Ekaterina,,,2,active,False,1,2025-06-17T10:19:08.293606
99,Fiona,fiona@example.com,temp_hash,Fiona,,,2,active,False,1,2025-06-17T10:19:08.293610
100,Emily,emily@example.com,temp_hash,Emily,,,2,active,False,1,2025-06-17T10:19:08.293615
101,Takalani,takalani@example.com,temp_hash,Takalani,,,2,active,False,1,2025-06-17T10:19:08.293619
102,Dirk,dirk@example.com,temp_hash,Dirk,,,2,active,False,1,2025-06-17T10:19:08.293623
103,Dean,dean@example.com,temp_hash,Dean,,,2,active,False,1,2025-06-17T10:19:08.293627
104,Akitha,akitha@example.com,temp_hash,Akitha,,,2,active,False,1,2025-06-17T10:19:08.293632
105,Lisa,lisa@example.com,temp_hash,Lisa,,,2,active,False,1,2025-06-17T10:19:08.293636
106,Sarah,sarah@example.com,temp_hash,Sarah,,,2,active,False,1,2025-06-17T10:19:08.293640
107,Athanasios,athanasios@example.com,temp_hash,Athanasios,,,2,active,False,1,2025-06-17T10:19:08.293645
108,Zhigang,zhigang@example.com,temp_hash,Zhigang,,,2,active,False,1,2025-06-17T10:19:08.293649
109,Julius,julius@example.com,temp_hash,Julius,,,2,active,False,1,2025-06-17T10:19:08.293653
110,Savio,savio@example.com,temp_hash,Savio,,,2,active,False,1,2025-06-17T10:19:08.293659
111,Dekheel,dekheel@example.com,temp_hash,Dekheel,,,2,active,False,1,2025-06-17T10:19:08.293664
112,Santanu,santanu@example.com,temp_hash,Santanu,,,2,active,False,1,2025-06-17T10:19:08.293668
113,Colin,colin@example.com,temp_hash,Colin,,,2,active,False,1,2025-06-17T10:19:08.293672
114,Beth,beth@example.com,temp_hash,Beth,,,2,active,False,1,2025-06-17T10:19:08.293677
115,Agnieszka,agnieszka@example.com,temp_hash,Agnieszka,,,2,active,False,1,2025-06-17T10:19:08.293682
116,Baines,baines@example.com,temp_hash,Baines,,,2,active,False,1,2025-06-17T10:19:08.293687
117,Jackie,jackie@example.com,temp_hash,Jackie,,,2,active,False,1,2025-06-17T10:19:08.293691
118,Mirdad,mirdad@example.com,temp_hash,Mirdad,,,2,active,False,1,2025-06-17T10:19:08.293695
119,Deepa,deepa@example.com,temp_hash,Deepa,,,2,active,False,1,2025-06-17T10:19:08.293699
120,Eithne,eithne@example.com,temp_hash,Eithne,,,2,active,False,1,2025-06-17T10:19:08.293703
121,Muthusamy,muthusamy@example.com,temp_hash,Muthusamy,,,2,active,False,1,2025-06-17T10:19:08.293708
122,Carole,carole@example.com,temp_hash,Carole,,,2,active,False,1,2025-06-17T10:19:08.293712
123,Elaine,elaine@example.com,temp_hash,Elaine,,,2,active,False,1,2025-06-17T10:19:08.293716
124,Andreea,andreea@example.com,temp_hash,Andreea,,,2,active,False,1,2025-06-17T10:19:08.293720
125,Michał,michał@example.com,temp_hash,Michał,,,2,active,False,1,2025-06-17T10:19:08.293727
126,Minda,minda@example.com,temp_hash,Minda,,,2,active,False,1,2025-06-17T10:19:08.293731
127,Gabriella,gabriella@example.com,temp_hash,Gabriella,,,2,active,False,1,2025-06-17T10:19:08.293736
128,Rosa,rosa@example.com,temp_hash,Rosa,,,2,active,False,1,2025-06-17T10:19:08.293741
129,Rabab,rabab@example.com,temp_hash,Rabab,,,2,active,False,1,2025-06-17T10:19:08.293745
130,Jo,jo@example.com,temp_hash,Jo,,,2,active,False,1,2025-06-17T10:19:08.293751
131,Laura,laura@example.com,temp_hash,Laura,,,2,active,False,1,2025-06-17T10:19:08.293755
132,Zoltán,zoltán@example.com,temp_hash,Zoltán,,,2,active,False,1,2025-06-17T10:19:08.293761
133,Lynsey,lynsey@example.com,temp_hash,Lynsey,,,2,active,False,1,2025-06-17T10:19:08.293765
134,Cassandre,cassandre@example.com,temp_hash,Cassandre,,,2,active,False,1,2025-06-17T10:19:08.293770
135,Ghassan,ghassan@example.com,temp_hash,Ghassan,,,2,active,False,1,2025-06-17T10:19:08.293774
136,Nicola,nicola@example.com,temp_hash,Nicola,,,2,active,False,1,2025-06-17T10:19:08.293778
137,Samantha,samantha@example.com,temp_hash,Samantha,,,2,active,False,1,2025-06-17T10:19:08.293783
138,Chloe,chloe@example.com,temp_hash,Chloe,,,2,active,False,1,2025-06-17T10:19:08.293787
139,Lynda,lynda@example.com,temp_hash,Lynda,,,2,active,False,1,2025-06-17T10:19:08.293790
140,Alaa,alaa@example.com,temp_hash,Alaa,,,2,active,False,1,2025-06-17T10:19:08.293794
141,Diyar,diyar@example.com,temp_hash,Diyar,,,2,active,False,1,2025-06-17T10:19:08.293797
142,Brittany,brittany@example.com,temp_hash,Brittany,,,2,active,False,1,2025-06-17T10:19:08.293801
143,Janet,janet@example.com,temp_hash,Janet,,,2,active,False,1,2025-06-17T10:19:08.293804
144,Meegan,meegan@example.com,temp_hash,Meegan,,,2,active,False,1,2025-06-17T10:19:08.293808
145,Ajmal,ajmal@example.com,temp_hash,Ajmal,,,2,active,False,1,2025-06-17T10:19:08.293811
146,Andrea,andrea@example.com,temp_hash,Andrea,,,2,active,False,1,2025-06-17T10:19:08.293815
147,Nóra,nóra@example.com,temp_hash,Nóra,,,2,active,False,1,2025-06-17T10:19:08.293819
148,Asanda,asanda@example.com,temp_hash,Asanda,,,2,active,False,1,2025-06-17T10:19:08.293822
149,Karen,karen@example.com,temp_hash,Karen,,,2,active,False,1,2025-06-17T10:19:08.293825
150,Patricia,patricia@example.com,temp_hash,Patricia,,,2,active,False,1,2025-06-17T10:19:08.293830
151,Saud,saud@example.com,temp_hash,Saud,,,2,active,False,1,2025-06-17T10:19:08.293834
152,Samir,samir@example.com,temp_hash,Samir,,,2,active,False,1,2025-06-17T10:19:08.293843
153,Chris,chris@example.com,temp_hash,Chris,,,2,active,False,1,2025-06-17T10:19:08.293847
154,Julia,julia@example.com,temp_hash,Julia,,,2,active,False,1,2025-06-17T10:19:08.293850
155,Albert,albert@example.com,temp_hash,Albert,,,2,active,False,1,2025-06-17T10:19:08.293854
156,Kizilkaya,kizilkaya@example.com,temp_hash,Kizilkaya,,,2,active,False,1,2025-06-17T10:19:08.293857
157,Scott,scott@example.com,temp_hash,Scott,,,2,active,False,1,2025-06-17T10:19:08.293860
158,Yulia,yulia@example.com,temp_hash,Yulia,,,2,active,False,1,2025-06-17T10:19:08.293864
159,Martine,martine@example.com,temp_hash,Martine,,,2,active,False,1,2025-06-17T10:19:08.293867
160,Erickson,erickson@example.com,temp_hash,Erickson,,,2,active,False,1,2025-06-17T10:19:08.293871
161,Ljubomir,ljubomir@example.com,temp_hash,Ljubomir,,,2,active,False,1,2025-06-17T10:19:08.293874
162,Nikolai,nikolai@example.com,temp_hash,Nikolai,,,2,active,False,1,2025-06-17T10:19:08.293877
163,Eumarg,eumarg@example.com,temp_hash,Eumarg,,,2,active,False,1,2025-06-17T10:19:08.293881
164,Andrzej,andrzej@example.com,temp_hash,Andrzej,,,2,active,False,1,2025-06-17T10:19:08.293884
165,Regiane,regiane@example.com,temp_hash,Regiane,,,2,active,False,1,2025-06-17T10:19:08.294134
166,Beverly,beverly@example.com,temp_hash,Beverly,,,2,active,False,1,2025-06-17T10:19:08.294139
167,Mathieu,mathieu@example.com,temp_hash,Mathieu,,,2,active,False,1,2025-06-17T10:19:08.294143
168,Belchior,belchior@example.com,temp_hash,Belchior,,,2,active,False,1,2025-06-17T10:19:08.294146
169,Fernanda,fernanda@example.com,temp_hash,Fernanda,,,2,active,False,1,2025-06-17T10:19:08.294150
170,Corina,corina@example.com,temp_hash,Corina,,,2,active,False,1,2025-06-17T10:19:08.294153
171,Oliver,oliver@example.com,temp_hash,Oliver,,,2,active,False,1,2025-06-17T10:19:08.294157
172,Zahra,zahra@example.com,temp_hash,Zahra,,,2,active,False,1,2025-06-17T10:19:08.294160
173,Paul,paul@example.com,temp_hash,Paul,,,2,active,False,1,2025-06-17T10:19:08.294164
174,Stephen,stephen@example.com,temp_hash,Stephen,,,2,active,False,1,2025-06-17T10:19:08.294168
175,Monahy,monahy@example.com,temp_hash,Monahy,,,2,active,False,1,2025-06-17T10:19:08.294171
176,Kimberly,kimberly@example.com,temp_hash,Kimberly,,,2,active,False,1,2025-06-17T10:19:08.294175
177,Mustafa,mustafa@example.com,temp_hash,Mustafa,,,2,active,False,1,2025-06-17T10:19:08.294188
178,Dor,dor@example.com,temp_hash,Dor,,,2,active,False,1,2025-06-17T10:19:08.294192
179,Fergal,fergal@example.com,temp_hash,Fergal,,,2,active,False,1,2025-06-17T10:19:08.294195
180,Billy,billy@example.com,temp_hash,Billy,,,2,active,False,1,2025-06-17T10:19:08.294199
181,Di,di@example.com,temp_hash,Di,,,2,active,False,1,2025-06-17T10:19:08.294202
182,Robert,robert@example.com,temp_hash,Robert,,,2,active,False,1,2025-06-17T10:19:08.294206
183,Colm,colm@example.com,temp_hash,Colm,,,2,active,False,1,2025-06-17T10:19:08.294209
184,Ruth,ruth@example.com,temp_hash,Ruth,,,2,active,False,1,2025-06-17T10:19:08.294212
185,Danilo,danilo@example.com,temp_hash,Danilo,,,2,active,False,1,2025-06-17T10:19:08.294215
186,Dominique,dominique@example.com,temp_hash,Dominique,,,2,active,False,1,2025-06-17T10:19:08.294219
187,Neil,neil@example.com,temp_hash,Neil,,,2,active,False,1,2025-06-17T10:19:08.294222
188,Dryt,dryt@example.com,temp_hash,Dryt,,,2,active,False,1,2025-06-17T10:19:08.294226
189,Louise,louise@example.com,temp_hash,Louise,,,2,active,False,1,2025-06-17T10:19:08.294229
190,Fatima,fatima@example.com,temp_hash,Fatima,,,2,active,False,1,2025-06-17T10:19:08.294233
191,Antonnette,antonnette@example.com,temp_hash,Antonnette,,,2,active,False,1,2025-06-17T10:19:08.294236
192,Brian,brian@example.com,temp_hash,Brian,,,2,active,False,1,2025-06-17T10:19:08.294239
193,Jehad,jehad@example.com,temp_hash,Jehad,,,2,active,False,1,2025-06-17T10:19:08.294243
194,Mildred,mildred@example.com,temp_hash,Mildred,,,2,active,False,1,2025-06-17T10:19:08.294246
195,Kelly,kelly@example.com,temp_hash,Kelly,,,2,active,False,1,2025-06-17T10:19:08.294250
196,Zurab,zurab@example.com,temp_hash,Zurab,,,2,active,False,1,2025-06-17T10:19:08.294253
197,Jennifer,jennifer@example.com,temp_hash,Jennifer,,,2,active,False,1,2025-06-17T10:19:08.294256
198,Oded,oded@example.com,temp_hash,Oded,,,2,active,False,1,2025-06-17T10:19:08.294260
199,Masako,masako@example.com,temp_hash,Masako,,,2,active,False,1,2025-06-17T10:19:08.294263
200,Sahab,sahab@example.com,temp_hash,Sahab,,,2,active,False,1,2025-06-17T10:19:08.294267
201,Raul,raul@example.com,temp_hash,Raul,,,2,active,False,1,2025-06-17T10:19:08.294270
202,Priya,priya@example.com,temp_hash,Priya,,,2,active,False,1,2025-06-17T10:19:08.294273
203,Martino,martino@example.com,temp_hash,Martino,,,2,active,False,1,2025-06-17T10:19:08.294277
204,Ramon,ramon@example.com,temp_hash,Ramon,,,2,active,False,1,2025-06-17T10:19:08.294280
205,Kamrul,kamrul@example.com,temp_hash,Kamrul,,,2,active,False,1,2025-06-17T10:19:08.294284
206,Haider,haider@example.com,temp_hash,Haider,,,2,active,False,1,2025-06-17T10:19:08.294287
207,Markella,markella@example.com,temp_hash,Markella,,,2,active,False,1,2025-06-17T10:19:08.294290
208,Wood,wood@example.com,temp_hash,Wood,,,2,active,False,1,2025-06-17T10:19:08.294294
209,Wajih,wajih@example.com,temp_hash,Wajih,,,2,active,False,1,2025-06-17T10:19:08.294298
210,Lawrence,lawrence@example.com,temp_hash,Lawrence,,,2,active,False,1,2025-06-17T10:19:08.294301
211,Me,me@example.com,temp_hash,Me,,,2,active,False,1,2025-06-17T10:19:08.294305
212,Ashraf,ashraf@example.com,temp_hash,Ashraf,,,2,active,False,1,2025-06-17T10:19:08.294308
213,Oleg,oleg@example.com,temp_hash,Oleg,,,2,active,False,1,2025-06-17T10:19:08.294311
214,Klink,klink@example.com,temp_hash,Klink,,,2,active,False,1,2025-06-17T10:19:08.294315
215,Shasha,shasha@example.com,temp_hash,Shasha,,,2,active,False,1,2025-06-17T10:19:08.294318
216,Alysia,alysia@example.com,temp_hash,Alysia,,,2,active,False,1,2025-06-17T10:19:08.294321
217,Osama,osama@example.com,temp_hash,Osama,,,2,active,False,1,2025-06-17T10:19:08.294325
218,Kristina,kristina@example.com,temp_hash,Kristina,,,2,active,False,1,2025-06-17T10:19:08.294328
219,Reginald,reginald@example.com,temp_hash,Reginald,,,2,active,False,1,2025-06-17T10:19:08.294332
220,Sodhi,sodhi@example.com,temp_hash,Sodhi,,,2,active,False,1,2025-06-17T10:19:08.294335
221,Jean-philippe,jean-philippe@example.com,temp_hash,Jean-philippe,,,2,active,False,1,2025-06-17T10:19:08.294339
222,Mawada,mawada@example.com,temp_hash,Mawada,,,2,active,False,1,2025-06-17T10:19:08.294342
223,Francesca,francesca@example.com,temp_hash,Francesca,,,2,active,False,1,2025-06-17T10:19:08.294345
224,Desiree,desiree@example.com,temp_hash,Desiree,,,2,active,False,1,2025-06-17T10:19:08.294349
225,Vause-fletcher,vause-fletcher@example.com,temp_hash,Vause-fletcher,,,2,active,False,1,2025-06-17T10:19:08.294352
226,Jo-anne,jo-anne@example.com,temp_hash,Jo-anne,,,2,active,False,1,2025-06-17T10:19:08.294356
227,Mfp15,mfp15@example.com,temp_hash,Mfp15,,,2,active,False,1,2025-06-17T10:19:08.294359
228,Macleod,macleod@example.com,temp_hash,Macleod,,,2,active,False,1,2025-06-17T10:19:08.294363
229,Vibhor,vibhor@example.com,temp_hash,Vibhor,,,2,active,False,1,2025-06-17T10:19:08.294366
230,Jc,jc@example.com,temp_hash,Jc,,,2,active,False,1,2025-06-17T10:19:08.294379
231,Iyad,iyad@example.com,temp_hash,Iyad,,,2,active,False,1,2025-06-17T10:19:08.294383
232,Amrita,amrita@example.com,temp_hash,Amrita,,,2,active,False,1,2025-06-17T10:19:08.294387
233,Judith,judith@example.com,temp_hash,Judith,,,2,active,False,1,2025-06-17T10:19:08.294390
234,Nolita,nolita@example.com,temp_hash,Nolita,,,2,active,False,1,2025-06-17T10:19:08.294394
235,Lorcan,lorcan@example.com,temp_hash,Lorcan,,,2,active,False,1,2025-06-17T10:19:08.294397
236,Alweheab,alweheab@example.com,temp_hash,Alweheab,,,2,active,False,1,2025-06-17T10:19:08.294401
237,Gunnar,gunnar@example.com,temp_hash,Gunnar,,,2,active,False,1,2025-06-17T10:19:08.294404
238,Jacinta,jacinta@example.com,temp_hash,Jacinta,,,2,active,False,1,2025-06-17T10:19:08.294407
239,Molebogeng,molebogeng@example.com,temp_hash,Molebogeng,,,2,active,False,1,2025-06-17T10:19:08.294411
240,Glenjor,glenjor@example.com,temp_hash,Glenjor,,,2,active,False,1,2025-06-17T10:19:08.294414
241,Shruti,shruti@example.com,temp_hash,Shruti,,,2,active,False,1,2025-06-17T10:19:08.294418
242,Jason,jason@example.com,temp_hash,Jason,,,2,active,False,1,2025-06-17T10:19:08.294421
243,Nasser,nasser@example.com,temp_hash,Nasser,,,2,active,False,1,2025-06-17T10:19:08.294424
244,Christoph,christoph@example.com,temp_hash,Christoph,,,2,active,False,1,2025-06-17T10:19:08.294428
245,Riitta,riitta@example.com,temp_hash,Riitta,,,2,active,False,1,2025-06-17T10:19:08.294431
246,Ibidunni,ibidunni@example.com,temp_hash,Ibidunni,,,2,active,False,1,2025-06-17T10:19:08.294463
247,Lyndsay,lyndsay@example.com,temp_hash,Lyndsay,,,2,active,False,1,2025-06-17T10:19:08.294467
248,Fadel,fadel@example.com,temp_hash,Fadel,,,2,active,False,1,2025-06-17T10:19:08.294472
249,Andy,andy@example.com,temp_hash,Andy,,,2,active,False,1,2025-06-17T10:19:08.294475
250,Hamid,hamid@example.com,temp_hash,Hamid,,,2,active,False,1,2025-06-17T10:19:08.294479
251,Gunendra,gunendra@example.com,temp_hash,Gunendra,,,2,active,False,1,2025-06-17T10:19:08.294482
252,Nabil,nabil@example.com,temp_hash,Nabil,,,2,active,False,1,2025-06-17T10:19:08.294486
253,Magdalena,magdalena@example.com,temp_hash,Magdalena,,,2,active,False,1,2025-06-17T10:19:08.294489
254,Lauren,lauren@example.com,temp_hash,Lauren,,,2,active,False,1,2025-06-17T10:19:08.294493
255,Jerrey,jerrey@example.com,temp_hash,Jerrey,,,2,active,False,1,2025-06-17T10:19:08.294496
256,Jacqueline,jacqueline@example.com,temp_hash,Jacqueline,,,2,active,False,1,2025-06-17T10:19:08.294500
257,Nirja,nirja@example.com,temp_hash,Nirja,,,2,active,False,1,2025-06-17T10:19:08.294503
258,Sergio,sergio@example.com,temp_hash,Sergio,,,2,active,False,1,2025-06-17T10:19:08.294507
259,Natalie,natalie@example.com,temp_hash,Natalie,,,2,active,False,1,2025-06-17T10:19:08.294510
260,Herman,herman@example.com,temp_hash,Herman,,,2,active,False,1,2025-06-17T10:19:08.294513
261,Jamil,jamil@example.com,temp_hash,Jamil,,,2,active,False,1,2025-06-17T10:19:08.294526
262,Olga,olga@example.com,temp_hash,Olga,,,2,active,False,1,2025-06-17T10:19:08.294529
263,Emad,emad@example.com,temp_hash,Emad,,,2,active,False,1,2025-06-17T10:19:08.294533
264,Kamil,kamil@example.com,temp_hash,Kamil,,,2,active,False,1,2025-06-17T10:19:08.294536
265,Steve,steve@example.com,temp_hash,Steve,,,2,active,False,1,2025-06-17T10:19:08.294539
266,Mthembu,mthembu@example.com,temp_hash,Mthembu,,,2,active,False,1,2025-06-17T10:19:08.294543
267,Saylieva,saylieva@example.com,temp_hash,Saylieva,,,2,active,False,1,2025-06-17T10:19:08.294546
268,Lybia,lybia@example.com,temp_hash,Lybia,,,2,active,False,1,2025-06-17T10:19:08.294550
269,Carlo,carlo@example.com,temp_hash,Carlo,,,2,active,False,1,2025-06-17T10:19:08.294553
270,Georgina,georgina@example.com,temp_hash,Georgina,,,2,active,False,1,2025-06-17T10:19:08.294561
271,Christophe,christophe@example.com,temp_hash,Christophe,,,2,active,False,1,2025-06-17T10:19:08.294564
272,Sonia,sonia@example.com,temp_hash,Sonia,,,2,active,False,1,2025-06-17T10:19:08.294568
273,Danielle,danielle@example.com,temp_hash,Danielle,,,2,active,False,1,2025-06-17T10:19:08.294571
274,Suman,suman@example.com,temp_hash,Suman,,,2,active,False,1,2025-06-17T10:19:08.294575
275,Sian,sian@example.com,temp_hash,Sian,,,2,active,False,1,2025-06-17T10:19:08.294578
276,Arnaud,arnaud@example.com,temp_hash,Arnaud,,,2,active,False,1,2025-06-17T10:19:08.294581
277,Raees,raees@example.com,temp_hash,Raees,,,2,active,False,1,2025-06-17T10:19:08.294590
278,Eduard,eduard@example.com,temp_hash,Eduard,,,2,active,False,1,2025-06-17T10:19:08.294593
279,Elmira,elmira@example.com,temp_hash,Elmira,,,2,active,False,1,2025-06-17T10:19:08.294597
280,Cuban_trogon,cuban_trogon@example.com,temp_hash,Cuban_trogon,,,2,active,False,1,2025-06-17T10:19:08.294600
281,Denise,denise@example.com,temp_hash,Denise,,,2,active,False,1,2025-06-17T10:19:08.294606
282,Lars,lars@example.com,temp_hash,Lars,,,2,active,False,1,2025-06-17T10:19:08.294610
283,Belinda,belinda@example.com,temp_hash,Belinda,,,2,active,False,1,2025-06-17T10:19:08.294613
284,Hassan,hassan@example.com,temp_hash,Hassan,,,2,active,False,1,2025-06-17T10:19:08.294617
285,Bridget,bridget@example.com,temp_hash,Bridget,,,2,active,False,1,2025-06-17T10:19:08.294620
286,Alec,alec@example.com,temp_hash,Alec,,,2,active,False,1,2025-06-17T10:19:08.294624
287,Abir,abir@example.com,temp_hash,Abir,,,2,active,False,1,2025-06-17T10:19:08.294627
288,Liakat,liakat@example.com,temp_hash,Liakat,,,2,active,False,1,2025-06-17T10:19:08.294630
289,Sameera,sameera@example.com,temp_hash,Sameera,,,2,active,False,1,2025-06-17T10:19:08.294634
290,Rachael,rachael@example.com,temp_hash,Rachael,,,2,active,False,1,2025-06-17T10:19:08.294637
291,Tim,tim@example.com,temp_hash,Tim,,,2,active,False,1,2025-06-17T10:19:08.294641
292,Volkan,volkan@example.com,temp_hash,Volkan,,,2,active,False,1,2025-06-17T10:19:08.294644
293,Charisco,charisco@example.com,temp_hash,Charisco,,,2,active,False,1,2025-06-17T10:19:08.294647
294,Sivuyile,sivuyile@example.com,temp_hash,Sivuyile,,,2,active,False,1,2025-06-17T10:19:08.294651
295,Raymond,raymond@example.com,temp_hash,Raymond,,,2,active,False,1,2025-06-17T10:19:08.294654
296,Mag,mag@example.com,temp_hash,Mag,,,2,active,False,1,2025-06-17T10:19:08.294658
297,Daniel,daniel@example.com,temp_hash,Daniel,,,2,active,False,1,2025-06-17T10:19:08.294661
298,Jake,jake@example.com,temp_hash,Jake,,,2,active,False,1,2025-06-17T10:19:08.294670
299,Laurynas,laurynas@example.com,temp_hash,Laurynas,,,2,active,False,1,2025-06-17T10:19:08.294674
300,Erich,erich@example.com,temp_hash,Erich,,,2,active,False,1,2025-06-17T10:19:08.294677
301,Gillian,gillian@example.com,temp_hash,Gillian,,,2,active,False,1,2025-06-17T10:19:08.294681
302,Alexander_n_13,alexander_n_13@example.com,temp_hash,Alexander_n_13,,,2,active,False,1,2025-06-17T10:19:08.294684
303,Melissa,melissa@example.com,temp_hash,Melissa,,,2,active,False,1,2025-06-17T10:19:08.294688
304,Mahitab,mahitab@example.com,temp_hash,Mahitab,,,2,active,False,1,2025-06-17T10:19:08.294691
305,Noeleen,noeleen@example.com,temp_hash,Noeleen,,,2,active,False,1,2025-06-17T10:19:08.294694
306,Nicole,nicole@example.com,temp_hash,Nicole,,,2,active,False,1,2025-06-17T10:19:08.294698
307,Ana,ana@example.com,temp_hash,Ana,,,2,active,False,1,2025-06-17T10:19:08.294701
308,Haddow-flood,haddow-flood@example.com,temp_hash,Haddow-flood,,,2,active,False,1,2025-06-17T10:19:08.294705
309,Arjun,arjun@example.com,temp_hash,Arjun,,,2,active,False,1,2025-06-17T10:19:08.294708
310,Rezvan,rezvan@example.com,temp_hash,Rezvan,,,2,active,False,1,2025-06-17T10:19:08.294712
311,Erica,erica@example.com,temp_hash,Erica,,,2,active,False,1,2025-06-17T10:19:08.294715
312,Ihron,ihron@example.com,temp_hash,Ihron,,,2,active,False,1,2025-06-17T10:19:08.294719
313,Sarry,sarry@example.com,temp_hash,Sarry,,,2,active,False,1,2025-06-17T10:19:08.294722
314,Ke,ke@example.com,temp_hash,Ke,,,2,active,False,1,2025-06-17T10:19:08.294725
315,Tammy,tammy@example.com,temp_hash,Tammy,,,2,active,False,1,2025-06-17T10:19:08.294729
316,Kong,kong@example.com,temp_hash,Kong,,,2,active,False,1,2025-06-17T10:19:08.294732
317,Luay,luay@example.com,temp_hash,Luay,,,2,active,False,1,2025-06-17T10:19:08.294736
318,Simone,simone@example.com,temp_hash,Simone,,,2,active,False,1,2025-06-17T10:19:08.294739
319,Francisco,francisco@example.com,temp_hash,Francisco,,,2,active,False,1,2025-06-17T10:19:08.294742
320,Veronika,veronika@example.com,temp_hash,Veronika,,,2,active,False,1,2025-06-17T10:19:08.294746
321,Nzwaki,nzwaki@example.com,temp_hash,Nzwaki,,,2,active,False,1,2025-06-17T10:19:08.294749
322,Suresh,suresh@example.com,temp_hash,Suresh,,,2,active,False,1,2025-06-17T10:19:08.294752
323,Viktoriia,viktoriia@example.com,temp_hash,Viktoriia,,,2,active,False,1,2025-06-17T10:19:08.294756
324,Greta,greta@example.com,temp_hash,Greta,,,2,active,False,1,2025-06-17T10:19:08.294759
325,Zhivaan,zhivaan@example.com,temp_hash,Zhivaan,,,2,active,False,1,2025-06-17T10:19:08.294763
326,Pankaj,pankaj@example.com,temp_hash,Pankaj,,,2,active,False,1,2025-06-17T10:19:08.294766
327,Katarzyna,katarzyna@example.com,temp_hash,Katarzyna,,,2,active,False,1,2025-06-17T10:19:08.294773
328,Hasmig,hasmig@example.com,temp_hash,Hasmig,,,2,active,False,1,2025-06-17T10:19:08.294777
329,Zoe,zoe@example.com,temp_hash,Zoe,,,2,active,False,1,2025-06-17T10:19:08.294780
330,Umutsan,umutsan@example.com,temp_hash,Umutsan,,,2,active,False,1,2025-06-17T10:19:08.294784
331,Carrie,carrie@example.com,temp_hash,Carrie,,,2,active,False,1,2025-06-17T10:19:08.294787
332,Varvara,varvara@example.com,temp_hash,Varvara,,,2,active,False,1,2025-06-17T10:19:08.294790
333,Jeff,jeff@example.com,temp_hash,Jeff,,,2,active,False,1,2025-06-17T10:19:08.294794
334,Deanne,deanne@example.com,temp_hash,Deanne,,,2,active,False,1,2025-06-17T10:19:08.294797
335,Michele,michele@example.com,temp_hash,Michele,,,2,active,False,1,2025-06-17T10:19:08.294801
336,Leureta,leureta@example.com,temp_hash,Leureta,,,2,active,False,1,2025-06-17T10:19:08.294804
337,Penni,penni@example.com,temp_hash,Penni,,,2,active,False,1,2025-06-17T10:19:08.294807
338,Rebecca,rebecca@example.com,temp_hash,Rebecca,,,2,active,False,1,2025-06-17T10:19:08.294811
339,Sanghee,sanghee@example.com,temp_hash,Sanghee,,,2,active,False,1,2025-06-17T10:19:08.294815
340,Marie,marie@example.com,temp_hash,Marie,,,2,active,False,1,2025-06-17T10:19:08.294819
341,T,t@example.com,temp_hash,T,,,2,active,False,1,2025-06-17T10:19:08.294822
342,John,john@example.com,temp_hash,John,,,2,active,False,1,2025-06-17T10:19:08.294826
343,Milad,milad@example.com,temp_hash,Milad,,,2,active,False,1,2025-06-17T10:19:08.294829
344,Pam,pam@example.com,temp_hash,Pam,,,2,active,False,1,2025-06-17T10:19:08.294833
345,Ksymena,ksymena@example.com,temp_hash,Ksymena,,,2,active,False,1,2025-06-17T10:19:08.294836
346,Gehad,gehad@example.com,temp_hash,Gehad,,,2,active,False,1,2025-06-17T10:19:08.294839
347,Zuko,zuko@example.com,temp_hash,Zuko,,,2,active,False,1,2025-06-17T10:19:08.294843
348,Sharon,sharon@example.com,temp_hash,Sharon,,,2,active,False,1,2025-06-17T10:19:08.294846
349,Nigel,nigel@example.com,temp_hash,Nigel,,,2,active,False,1,2025-06-17T10:19:08.294849
350,Ines,ines@example.com,temp_hash,Ines,,,2,active,False,1,2025-06-17T10:19:08.294853
351,Angus,angus@example.com,temp_hash,Angus,,,2,active,False,1,2025-06-17T10:19:08.294856
352,Carl,carl@example.com,temp_hash,Carl,,,2,active,False,1,2025-06-17T10:19:08.294860
353,Maxim,maxim@example.com,temp_hash,Maxim,,,2,active,False,1,2025-06-17T10:19:08.294863
354,Hazel,hazel@example.com,temp_hash,Hazel,,,2,active,False,1,2025-06-17T10:19:08.294867
355,Bill,bill@example.com,temp_hash,Bill,,,2,active,False,1,2025-06-17T10:19:08.294871
356,Hao,hao@example.com,temp_hash,Hao,,,2,active,False,1,2025-06-17T10:19:08.294874
357,Ryan,ryan@example.com,temp_hash,Ryan,,,2,active,False,1,2025-06-17T10:19:08.294877
358,Rtoliveira79,rtoliveira79@example.com,temp_hash,Rtoliveira79,,,2,active,False,1,2025-06-17T10:19:08.294881
359,Gokhan,gokhan@example.com,temp_hash,Gokhan,,,2,active,False,1,2025-06-17T10:19:08.294884
360,Lindsay,lindsay@example.com,temp_hash,Lindsay,,,2,active,False,1,2025-06-17T10:19:08.294887
361,Maureen,maureen@example.com,temp_hash,Maureen,,,2,active,False,1,2025-06-17T10:19:08.294891
362,Feras1975,feras1975@example.com,temp_hash,Feras1975,,,2,active,False,1,2025-06-17T10:19:08.294895
363,Lori,lori@example.com,temp_hash,Lori,,,2,active,False,1,2025-06-17T10:19:08.294920
364,Rona,rona@example.com,temp_hash,Rona,,,2,active,False,1,2025-06-17T10:19:08.294923
365,Hany,hany@example.com,temp_hash,Hany,,,2,active,False,1,2025-06-17T10:19:08.294926
366,Mayasol,mayasol@example.com,temp_hash,Mayasol,,,2,active,False,1,2025-06-17T10:19:08.294930
367,Ben,ben@example.com,temp_hash,Ben,,,2,active,False,1,2025-06-17T10:19:08.294933
368,Milton,milton@example.com,temp_hash,Milton,,,2,active,False,1,2025-06-17T10:19:08.294936
369,Merve,merve@example.com,temp_hash,Merve,,,2,active,False,1,2025-06-17T10:19:08.294940
370,Sebastiano,sebastiano@example.com,temp_hash,Sebastiano,,,2,active,False,1,2025-06-17T10:19:08.294943
371,Wissam,wissam@example.com,temp_hash,Wissam,,,2,active,False,1,2025-06-17T10:19:08.294947
372,Rami,rami@example.com,temp_hash,Rami,,,2,active,False,1,2025-06-17T10:19:08.294951
373,Katrina,katrina@example.com,temp_hash,Katrina,,,2,active,False,1,2025-06-17T10:19:08.294954
374,Juliane,juliane@example.com,temp_hash,Juliane,,,2,active,False,1,2025-06-17T10:19:08.294958
375,Aisling,aisling@example.com,temp_hash,Aisling,,,2,active,False,1,2025-06-17T10:19:08.294961
376,Iftah,iftah@example.com,temp_hash,Iftah,,,2,active,False,1,2025-06-17T10:19:08.294964
377,Kassem,kassem@example.com,temp_hash,Kassem,,,2,active,False,1,2025-06-17T10:19:08.294968
378,Chambers,chambers@example.com,temp_hash,Chambers,,,2,active,False,1,2025-06-17T10:19:08.294971
379,Pathfinder1,pathfinder1@example.com,temp_hash,Pathfinder1,,,2,active,False,1,2025-06-17T10:19:08.294975
380,Iain,iain@example.com,temp_hash,Iain,,,2,active,False,1,2025-06-17T10:19:08.294978
381,Juilung,juilung@example.com,temp_hash,Juilung,,,2,active,False,1,2025-06-17T10:19:08.294982
382,Les,les@example.com,temp_hash,Les,,,2,active,False,1,2025-06-17T10:19:08.294988
383,Trevor,trevor@example.com,temp_hash,Trevor,,,2,active,False,1,2025-06-17T10:19:08.294992
384,Jacek,jacek@example.com,temp_hash,Jacek,,,2,active,False,1,2025-06-17T10:19:08.294996
385,Glenn,glenn@example.com,temp_hash,Glenn,,,2,active,False,1,2025-06-17T10:19:08.295000
386,Ian,ian@example.com,temp_hash,Ian,,,2,active,False,1,2025-06-17T10:19:08.295003
387,Jon,jon@example.com,temp_hash,Jon,,,2,active,False,1,2025-06-17T10:19:08.295007
388,Andrew,andrew@example.com,temp_hash,Andrew,,,2,active,False,1,2025-06-17T10:19:08.295010
389,Lamees,lamees@example.com,temp_hash,Lamees,,,2,active,False,1,2025-06-17T10:19:08.295014
390,Pm,pm@example.com,temp_hash,Pm,,,2,active,False,1,2025-06-17T10:19:08.295017
391,Eastwood,eastwood@example.com,temp_hash,Eastwood,,,2,active,False,1,2025-06-17T10:19:08.295021
392,Jeton,jeton@example.com,temp_hash,Jeton,,,2,active,False,1,2025-06-17T10:19:08.295024
393,Saiedeh,saiedeh@example.com,temp_hash,Saiedeh,,,2,active,False,1,2025-06-17T10:19:08.295027
394,Mcgill,mcgill@example.com,temp_hash,Mcgill,,,2,active,False,1,2025-06-17T10:19:08.295031
395,Vasilios,vasilios@example.com,temp_hash,Vasilios,,,2,active,False,1,2025-06-17T10:19:08.295034
396,Peter,peter@example.com,temp_hash,Peter,,,2,active,False,1,2025-06-17T10:19:08.295038
397,Jayson,jayson@example.com,temp_hash,Jayson,,,2,active,False,1,2025-06-17T10:19:08.295041
398,Mehmet,mehmet@example.com,temp_hash,Mehmet,,,2,active,False,1,2025-06-17T10:19:08.295044
399,Daniela,daniela@example.com,temp_hash,Daniela,,,2,active,False,1,2025-06-17T10:19:08.295048
400,J,j@example.com,temp_hash,J,,,2,active,False,1,2025-06-17T10:19:08.295051
401,Kerrie,kerrie@example.com,temp_hash,Kerrie,,,2,active,False,1,2025-06-17T10:19:08.295054
402,Lk,lk@example.com,temp_hash,Lk,,,2,active,False,1,2025-06-17T10:19:08.295058
403,Abdullah,abdullah@example.com,temp_hash,Abdullah,,,2,active,False,1,2025-06-17T10:19:08.295061
404,Assif,assif@example.com,temp_hash,Assif,,,2,active,False,1,2025-06-17T10:19:08.295065
405,Svane,svane@example.com,temp_hash,Svane,,,2,active,False,1,2025-06-17T10:19:08.295068
406,Arjan,arjan@example.com,temp_hash,Arjan,,,2,active,False,1,2025-06-17T10:19:08.295072
407,Tawfik,tawfik@example.com,temp_hash,Tawfik,,,2,active,False,1,2025-06-17T10:19:08.295075
408,Sharifa,sharifa@example.com,temp_hash,Sharifa,,,2,active,False,1,2025-06-17T10:19:08.295079
409,Deborah,deborah@example.com,temp_hash,Deborah,,,2,active,False,1,2025-06-17T10:19:08.295082
410,Giovanni,giovanni@example.com,temp_hash,Giovanni,,,2,active,False,1,2025-06-17T10:19:08.295085
411,Hilary,hilary@example.com,temp_hash,Hilary,,,2,active,False,1,2025-06-17T10:19:08.295106
412,Nikola,nikola@example.com,temp_hash,Nikola,,,2,active,False,1,2025-06-17T10:19:08.295110
413,Louis-felix,louis-felix@example.com,temp_hash,Louis-felix,,,2,active,False,1,2025-06-17T10:19:08.295114
414,Nina,nina@example.com,temp_hash,Nina,,,2,active,False,1,2025-06-17T10:19:08.295119
415,Nekkanti,nekkanti@example.com,temp_hash,Nekkanti,,,2,active,False,1,2025-06-17T10:19:08.295122
416,Kalain,kalain@example.com,temp_hash,Kalain,,,2,active,False,1,2025-06-17T10:19:08.295126
417,Bonnie,bonnie@example.com,temp_hash,Bonnie,,,2,active,False,1,2025-06-17T10:19:08.295129
418,Paroma,paroma@example.com,temp_hash,Paroma,,,2,active,False,1,2025-06-17T10:19:08.295132
419,Rabih,rabih@example.com,temp_hash,Rabih,,,2,active,False,1,2025-06-17T10:19:08.295136
420,Emma,emma@example.com,temp_hash,Emma,,,2,active,False,1,2025-06-17T10:19:08.295139
421,Ramakrishna,ramakrishna@example.com,temp_hash,Ramakrishna,,,2,active,False,1,2025-06-17T10:19:08.295143
422,Zhuo,zhuo@example.com,temp_hash,Zhuo,,,2,active,False,1,2025-06-17T10:19:08.295146
423,Rossella,rossella@example.com,temp_hash,Rossella,,,2,active,False,1,2025-06-17T10:19:08.295150
424,Anth,anth@example.com,temp_hash,Anth,,,2,active,False,1,2025-06-17T10:19:08.295153
425,Therese,therese@example.com,temp_hash,Therese,,,2,active,False,1,2025-06-17T10:19:08.295156
426,James,james@example.com,temp_hash,James,,,2,active,False,1,2025-06-17T10:19:08.295160
427,Terence,terence@example.com,temp_hash,Terence,,,2,active,False,1,2025-06-17T10:19:08.295163
428,Davor67,davor67@example.com,temp_hash,Davor67,,,2,active,False,1,2025-06-17T10:19:08.295167
429,Hana,hana@example.com,temp_hash,Hana,,,2,active,False,1,2025-06-17T10:19:08.295170
430,Geoffrey,geoffrey@example.com,temp_hash,Geoffrey,,,2,active,False,1,2025-06-17T10:19:08.295173
431,Jodie,jodie@example.com,temp_hash,Jodie,,,2,active,False,1,2025-06-17T10:19:08.295185
432,Sonja,sonja@example.com,temp_hash,Sonja,,,2,active,False,1,2025-06-17T10:19:08.295189
433,Dianne,dianne@example.com,temp_hash,Dianne,,,2,active,False,1,2025-06-17T10:19:08.295192
434,Peggy,peggy@example.com,temp_hash,Peggy,,,2,active,False,1,2025-06-17T10:19:08.295195
435,Anil,anil@example.com,temp_hash,Anil,,,2,active,False,1,2025-06-17T10:19:08.295200
436,Yasmeen,yasmeen@example.com,temp_hash,Yasmeen,,,2,active,False,1,2025-06-17T10:19:08.295203
437,Grzegorz,grzegorz@example.com,temp_hash,Grzegorz,,,2,active,False,1,2025-06-17T10:19:08.295207
438,Anne,anne@example.com,temp_hash,Anne,,,2,active,False,1,2025-06-17T10:19:08.295210
439,Alejandro,alejandro@example.com,temp_hash,Alejandro,,,2,active,False,1,2025-06-17T10:19:08.295218
440,Ghada,ghada@example.com,temp_hash,Ghada,,,2,active,False,1,2025-06-17T10:19:08.295223
441,Taha,taha@example.com,temp_hash,Taha,,,2,active,False,1,2025-06-17T10:19:08.295226
442,Bernard,bernard@example.com,temp_hash,Bernard,,,2,active,False,1,2025-06-17T10:19:08.295229
443,Angela,angela@example.com,temp_hash,Angela,,,2,active,False,1,2025-06-17T10:19:08.295233
444,Morris,morris@example.com,temp_hash,Morris,,,2,active,False,1,2025-06-17T10:19:08.295236
445,Shona,shona@example.com,temp_hash,Shona,,,2,active,False,1,2025-06-17T10:19:08.295240
446,Evrim,evrim@example.com,temp_hash,Evrim,,,2,active,False,1,2025-06-17T10:19:08.295243
447,Kristel,kristel@example.com,temp_hash,Kristel,,,2,active,False,1,2025-06-17T10:19:08.295246
448,Ratiba,ratiba@example.com,temp_hash,Ratiba,,,2,active,False,1,2025-06-17T10:19:08.295250
449,Mit,mit@example.com,temp_hash,Mit,,,2,active,False,1,2025-06-17T10:19:08.295253
450,Wiel,wiel@example.com,temp_hash,Wiel,,,2,active,False,1,2025-06-17T10:19:08.295261
451,Alexandra,alexandra@example.com,temp_hash,Alexandra,,,2,active,False,1,2025-06-17T10:19:08.295264
452,Chetan,chetan@example.com,temp_hash,Chetan,,,2,active,False,1,2025-06-17T10:19:08.295268
453,Laurel,laurel@example.com,temp_hash,Laurel,,,2,active,False,1,2025-06-17T10:19:08.295271
454,Rosemary,rosemary@example.com,temp_hash,Rosemary,,,2,active,False,1,2025-06-17T10:19:08.295275
455,Samah,samah@example.com,temp_hash,Samah,,,2,active,False,1,2025-06-17T10:19:08.295278
456,Alicia,alicia@example.com,temp_hash,Alicia,,,2,active,False,1,2025-06-17T10:19:08.295282
457,Brandon,brandon@example.com,temp_hash,Brandon,,,2,active,False,1,2025-06-17T10:19:08.295285
458,Bathilde,bathilde@example.com,temp_hash,Bathilde,,,2,active,False,1,2025-06-17T10:19:08.295296
459,Panos,panos@example.com,temp_hash,Panos,,,2,active,False,1,2025-06-17T10:19:08.295299
460,Kevin,kevin@example.com,temp_hash,Kevin,,,2,active,False,1,2025-06-17T10:19:08.295303
461,Jenny,jenny@example.com,temp_hash,Jenny,,,2,active,False,1,2025-06-17T10:19:08.295306
462,Parashar,parashar@example.com,temp_hash,Parashar,,,2,active,False,1,2025-06-17T10:19:08.295311
463,Sandra,sandra@example.com,temp_hash,Sandra,,,2,active,False,1,2025-06-17T10:19:08.295314
464,Kobus,kobus@example.com,temp_hash,Kobus,,,2,active,False,1,2025-06-17T10:19:08.295318
465,Francine,francine@example.com,temp_hash,Francine,,,2,active,False,1,2025-06-17T10:19:08.295321
466,Kristian,kristian@example.com,temp_hash,Kristian,,,2,active,False,1,2025-06-17T10:19:08.295325
467,Kavish,kavish@example.com,temp_hash,Kavish,,,2,active,False,1,2025-06-17T10:19:08.295334
468,Karlo,karlo@example.com,temp_hash,Karlo,,,2,active,False,1,2025-06-17T10:19:08.295338
469,Huda,huda@example.com,temp_hash,Huda,,,2,active,False,1,2025-06-17T10:19:08.295341
470,Mary,mary@example.com,temp_hash,Mary,,,2,active,False,1,2025-06-17T10:19:08.295344
471,Driss,driss@example.com,temp_hash,Driss,,,2,active,False,1,2025-06-17T10:19:08.295348
472,Olena,olena@example.com,temp_hash,Olena,,,2,active,False,1,2025-06-17T10:19:08.295351
473,Steve7183,steve7183@example.com,temp_hash,Steve7183,,,2,active,False,1,2025-06-17T10:19:08.295354
474,Gabriel,gabriel@example.com,temp_hash,Gabriel,,,2,active,False,1,2025-06-17T10:19:08.295358
475,Derric,derric@example.com,temp_hash,Derric,,,2,active,False,1,2025-06-17T10:19:08.295361
476,Etem,etem@example.com,temp_hash,Etem,,,2,active,False,1,2025-06-17T10:19:08.295364
477,Dorothee,dorothee@example.com,temp_hash,Dorothee,,,2,active,False,1,2025-06-17T10:19:08.295368
478,Jenni,jenni@example.com,temp_hash,Jenni,,,2,active,False,1,2025-06-17T10:19:08.295371
479,Jacob,jacob@example.com,temp_hash,Jacob,,,2,active,False,1,2025-06-17T10:19:08.295374
480,Rex,rex@example.com,temp_hash,Rex,,,2,active,False,1,2025-06-17T10:19:08.295379
481,Nxokwana,nxokwana@example.com,temp_hash,Nxokwana,,,2,active,False,1,2025-06-17T10:19:08.295382
482,Hanneke,hanneke@example.com,temp_hash,Hanneke,,,2,active,False,1,2025-06-17T10:19:08.295386
483,Botchorishvili,botchorishvili@example.com,temp_hash,Botchorishvili,,,2,active,False,1,2025-06-17T10:19:08.295390
484,Yvonne,yvonne@example.com,temp_hash,Yvonne,,,2,active,False,1,2025-06-17T10:19:08.295393
485,Filippo,filippo@example.com,temp_hash,Filippo,,,2,active,False,1,2025-06-17T10:19:08.295397
486,Kim,kim@example.com,temp_hash,Kim,,,2,active,False,1,2025-06-17T10:19:08.295400
487,Nicholas,nicholas@example.com,temp_hash,Nicholas,,,2,active,False,1,2025-06-17T10:19:08.295403
488,Jakub,jakub@example.com,temp_hash,Jakub,,,2,active,False,1,2025-06-17T10:19:08.295407
489,Issabella,issabella@example.com,temp_hash,Issabella,,,2,active,False,1,2025-06-17T10:19:08.295410
490,Jonathan,jonathan@example.com,temp_hash,Jonathan,,,2,active,False,1,2025-06-17T10:19:08.295413
491,Maryam,maryam@example.com,temp_hash,Maryam,,,2,active,False,1,2025-06-17T10:19:08.295417
492,Kulkarni,kulkarni@example.com,temp_hash,Kulkarni,,,2,active,False,1,2025-06-17T10:19:08.295420
493,Anastasiya,anastasiya@example.com,temp_hash,Anastasiya,,,2,active,False,1,2025-06-17T10:19:08.295423
494,Lilangi,lilangi@example.com,temp_hash,Lilangi,,,2,active,False,1,2025-06-17T10:19:08.295427
495,Sue,sue@example.com,temp_hash,Sue,,,2,active,False,1,2025-06-17T10:19:08.295430
496,Ahmed,ahmed@example.com,temp_hash,Ahmed,,,2,active,False,1,2025-06-17T10:19:08.295436
497,Thanaa,thanaa@example.com,temp_hash,Thanaa,,,2,active,False,1,2025-06-17T10:19:08.295440
498,Brendan,brendan@example.com,temp_hash,Brendan,,,2,active,False,1,2025-06-17T10:19:08.295443
499,Malcolm,malcolm@example.com,temp_hash,Malcolm,,,2,active,False,1,2025-06-17T10:19:08.295447
500,W,w@example.com,temp_hash,W,,,2,active,False,1,2025-06-17T10:19:08.295450
501,Fabian,fabian@example.com,temp_hash,Fabian,,,2,active,False,1,2025-06-17T10:19:08.295453
502,Myriam,myriam@example.com,temp_hash,Myriam,,,2,active,False,1,2025-06-17T10:19:08.295457
503,Suzanne,suzanne@example.com,temp_hash,Suzanne,,,2,active,False,1,2025-06-17T10:19:08.295460
504,Craig,craig@example.com,temp_hash,Craig,,,2,active,False,1,2025-06-17T10:19:08.295464
505,Lama,lama@example.com,temp_hash,Lama,,,2,active,False,1,2025-06-17T10:19:08.295467
506,Musab,musab@example.com,temp_hash,Musab,,,2,active,False,1,2025-06-17T10:19:08.295470
507,Sheri,sheri@example.com,temp_hash,Sheri,,,2,active,False,1,2025-06-17T10:19:08.295474
508,Kai,kai@example.com,temp_hash,Kai,,,2,active,False,1,2025-06-17T10:19:08.295477
509,Alison,alison@example.com,temp_hash,Alison,,,2,active,False,1,2025-06-17T10:19:08.295481
510,Dimitri,dimitri@example.com,temp_hash,Dimitri,,,2,active,False,1,2025-06-17T10:19:08.295493
511,Meca,meca@example.com,temp_hash,Meca,,,2,active,False,1,2025-06-17T10:19:08.295497
512,Mercedes,mercedes@example.com,temp_hash,Mercedes,,,2,active,False,1,2025-06-17T10:19:08.295500
513,Eva,eva@example.com,temp_hash,Eva,,,2,active,False,1,2025-06-17T10:19:08.295503
514,Nora,nora@example.com,temp_hash,Nora,,,2,active,False,1,2025-06-17T10:19:08.295507
515,Ann,ann@example.com,temp_hash,Ann,,,2,active,False,1,2025-06-17T10:19:08.295510
516,Badreddine,badreddine@example.com,temp_hash,Badreddine,,,2,active,False,1,2025-06-17T10:19:08.295513
517,Vusal,vusal@example.com,temp_hash,Vusal,,,2,active,False,1,2025-06-17T10:19:08.295517
518,Hassony_h,hassony_h@example.com,temp_hash,Hassony_h,,,2,active,False,1,2025-06-17T10:19:08.295520
519,Musonda,musonda@example.com,temp_hash,Musonda,,,2,active,False,1,2025-06-17T10:19:08.295523
520,Nonceba,nonceba@example.com,temp_hash,Nonceba,,,2,active,False,1,2025-06-17T10:19:08.295527
521,Kyle,kyle@example.com,temp_hash,Kyle,,,2,active,False,1,2025-06-17T10:19:08.295530
522,Sotnicenko,sotnicenko@example.com,temp_hash,Sotnicenko,,,2,active,False,1,2025-06-17T10:19:08.295534
523,Felim,felim@example.com,temp_hash,Felim,,,2,active,False,1,2025-06-17T10:19:08.295537
524,Binu,binu@example.com,temp_hash,Binu,,,2,active,False,1,2025-06-17T10:19:08.295546
525,Beverley,beverley@example.com,temp_hash,Beverley,,,2,active,False,1,2025-06-17T10:19:08.295549
526,Deirdre,deirdre@example.com,temp_hash,Deirdre,,,2,active,False,1,2025-06-17T10:19:08.295553
527,Okeowo,okeowo@example.com,temp_hash,Okeowo,,,2,active,False,1,2025-06-17T10:19:08.295556
528,Meshal,meshal@example.com,temp_hash,Meshal,,,2,active,False,1,2025-06-17T10:19:08.295560
529,Vesela,vesela@example.com,temp_hash,Vesela,,,2,active,False,1,2025-06-17T10:19:08.295563
530,Ovais,ovais@example.com,temp_hash,Ovais,,,2,active,False,1,2025-06-17T10:19:08.295566
531,Rhea,rhea@example.com,temp_hash,Rhea,,,2,active,False,1,2025-06-17T10:19:08.295570
532,Agatym,agatym@example.com,temp_hash,Agatym,,,2,active,False,1,2025-06-17T10:19:08.295573
533,Panagiotis,panagiotis@example.com,temp_hash,Panagiotis,,,2,active,False,1,2025-06-17T10:19:08.295577
534,Pedro,pedro@example.com,temp_hash,Pedro,,,2,active,False,1,2025-06-17T10:19:08.295580
535,Johnstone,johnstone@example.com,temp_hash,Johnstone,,,2,active,False,1,2025-06-17T10:19:08.295584
536,Morgan,morgan@example.com,temp_hash,Morgan,,,2,active,False,1,2025-06-17T10:19:08.295588
537,Diana,diana@example.com,temp_hash,Diana,,,2,active,False,1,2025-06-17T10:19:08.295591
538,Naweed,naweed@example.com,temp_hash,Naweed,,,2,active,False,1,2025-06-17T10:19:08.295595
539,Dure,dure@example.com,temp_hash,Dure,,,2,active,False,1,2025-06-17T10:19:08.295598
540,Lili,lili@example.com,temp_hash,Lili,,,2,active,False,1,2025-06-17T10:19:08.295602
541,Hugo,hugo@example.com,temp_hash,Hugo,,,2,active,False,1,2025-06-17T10:19:08.295605
542,Traci,traci@example.com,temp_hash,Traci,,,2,active,False,1,2025-06-17T10:19:08.295609
543,Zylinski,zylinski@example.com,temp_hash,Zylinski,,,2,active,False,1,2025-06-17T10:19:08.295612
544,Nichola,nichola@example.com,temp_hash,Nichola,,,2,active,False,1,2025-06-17T10:19:08.295615
545,Saloni,saloni@example.com,temp_hash,Saloni,,,2,active,False,1,2025-06-17T10:19:08.295619
546,Micu,micu@example.com,temp_hash,Micu,,,2,active,False,1,2025-06-17T10:19:08.295622
547,Rafaat,rafaat@example.com,temp_hash,Rafaat,,,2,active,False,1,2025-06-17T10:19:08.295625
548,Ayush,ayush@example.com,temp_hash,Ayush,,,2,active,False,1,2025-06-17T10:19:08.295629
549,Tony,tony@example.com,temp_hash,Tony,,,2,active,False,1,2025-06-17T10:19:08.295632
550,Bhuwan,bhuwan@example.com,temp_hash,Bhuwan,,,2,active,False,1,2025-06-17T10:19:08.295636
551,Olo,olo@example.com,temp_hash,Olo,,,2,active,False,1,2025-06-17T10:19:08.295639
552,Maher,maher@example.com,temp_hash,Maher,,,2,active,False,1,2025-06-17T10:19:08.295642
553,Radek,radek@example.com,temp_hash,Radek,,,2,active,False,1,2025-06-17T10:19:08.295650
554,Hanae,hanae@example.com,temp_hash,Hanae,,,2,active,False,1,2025-06-17T10:19:08.295653
555,Miriam,miriam@example.com,temp_hash,Miriam,,,2,active,False,1,2025-06-17T10:19:08.295657
556,Winifred,winifred@example.com,temp_hash,Winifred,,,2,active,False,1,2025-06-17T10:19:08.295660
557,Thierno,thierno@example.com,temp_hash,Thierno,,,2,active,False,1,2025-06-17T10:19:08.295663
558,Sami,sami@example.com,temp_hash,Sami,,,2,active,False,1,2025-06-17T10:19:08.295667
559,Cotea,cotea@example.com,temp_hash,Cotea,,,2,active,False,1,2025-06-17T10:19:08.295670
560,Gwen,gwen@example.com,temp_hash,Gwen,,,2,active,False,1,2025-06-17T10:19:08.295674
561,Rob,rob@example.com,temp_hash,Rob,,,2,active,False,1,2025-06-17T10:19:08.295677
562,Kathleen,kathleen@example.com,temp_hash,Kathleen,,,2,active,False,1,2025-06-17T10:19:08.295680
563,Abdulnaser,abdulnaser@example.com,temp_hash,Abdulnaser,,,2,active,False,1,2025-06-17T10:19:08.295684
564,Takahiro,takahiro@example.com,temp_hash,Takahiro,,,2,active,False,1,2025-06-17T10:19:08.295687
565,Adrian,adrian@example.com,temp_hash,Adrian,,,2,active,False,1,2025-06-17T10:19:08.295690
566,Mubark,mubark@example.com,temp_hash,Mubark,,,2,active,False,1,2025-06-17T10:19:08.295694
567,Ragnar,ragnar@example.com,temp_hash,Ragnar,,,2,active,False,1,2025-06-17T10:19:08.295697
568,Odai,odai@example.com,temp_hash,Odai,,,2,active,False,1,2025-06-17T10:19:08.295701
569,Hongyan,hongyan@example.com,temp_hash,Hongyan,,,2,active,False,1,2025-06-17T10:19:08.295704
570,Stefan,stefan@example.com,temp_hash,Stefan,,,2,active,False,1,2025-06-17T10:19:08.295707
571,Muneera,muneera@example.com,temp_hash,Muneera,,,2,active,False,1,2025-06-17T10:19:08.295711
572,Piotr,piotr@example.com,temp_hash,Piotr,,,2,active,False,1,2025-06-17T10:19:08.295714
573,Toni,toni@example.com,temp_hash,Toni,,,2,active,False,1,2025-06-17T10:19:08.295718
574,Zeid,zeid@example.com,temp_hash,Zeid,,,2,active,False,1,2025-06-17T10:19:08.295721
575,Kunchi,kunchi@example.com,temp_hash,Kunchi,,,2,active,False,1,2025-06-17T10:19:08.295724
576,Abdul,abdul@example.com,temp_hash,Abdul,,,2,active,False,1,2025-06-17T10:19:08.295728
577,Claire,claire@example.com,temp_hash,Claire,,,2,active,False,1,2025-06-17T10:19:08.295731
578,Meridah,meridah@example.com,temp_hash,Meridah,,,2,active,False,1,2025-06-17T10:19:08.295735
579,Jannie,jannie@example.com,temp_hash,Jannie,,,2,active,False,1,2025-06-17T10:19:08.295738
580,Barker,barker@example.com,temp_hash,Barker,,,2,active,False,1,2025-06-17T10:19:08.295742
581,Christiane,christiane@example.com,temp_hash,Christiane,,,2,active,False,1,2025-06-17T10:19:08.295752
582,Khadija,khadija@example.com,temp_hash,Khadija,,,2,active,False,1,2025-06-17T10:19:08.295756
583,Justine,justine@example.com,temp_hash,Justine,,,2,active,False,1,2025-06-17T10:19:08.295760
584,Harshnl,harshnl@example.com,temp_hash,Harshnl,,,2,active,False,1,2025-06-17T10:19:08.295763
585,Pamela,pamela@example.com,temp_hash,Pamela,,,2,active,False,1,2025-06-17T10:19:08.295767
586,Willie,willie@example.com,temp_hash,Willie,,,2,active,False,1,2025-06-17T10:19:08.295770
587,Michael,michael@example.com,temp_hash,Michael,,,2,active,False,1,2025-06-17T10:19:08.295774
588,Rose,rose@example.com,temp_hash,Rose,,,2,active,False,1,2025-06-17T10:19:08.295777
589,Kitrina,kitrina@example.com,temp_hash,Kitrina,,,2,active,False,1,2025-06-17T10:19:08.295780
590,Diah,diah@example.com,temp_hash,Diah,,,2,active,False,1,2025-06-17T10:19:08.295784
591,Nadia,nadia@example.com,temp_hash,Nadia,,,2,active,False,1,2025-06-17T10:19:08.295787
592,Ron,ron@example.com,temp_hash,Ron,,,2,active,False,1,2025-06-17T10:19:08.295790
593,Faisal,faisal@example.com,temp_hash,Faisal,,,2,active,False,1,2025-06-17T10:19:08.295794
594,Abdelaziz,abdelaziz@example.com,temp_hash,Abdelaziz,,,2,active,False,1,2025-06-17T10:19:08.295797
595,Tina,tina@example.com,temp_hash,Tina,,,2,active,False,1,2025-06-17T10:19:08.295801
596,Brenda,brenda@example.com,temp_hash,Brenda,,,2,active,False,1,2025-06-17T10:19:08.295804
597,Guiney,guiney@example.com,temp_hash,Guiney,,,2,active,False,1,2025-06-17T10:19:08.295807
598,Victor,victor@example.com,temp_hash,Victor,,,2,active,False,1,2025-06-17T10:19:08.295811
599,Jansen,jansen@example.com,temp_hash,Jansen,,,2,active,False,1,2025-06-17T10:19:08.295814
600,Travel_ler,travel_ler@example.com,temp_hash,Travel_ler,,,2,active,False,1,2025-06-17T10:19:08.295817
601,Christine,christine@example.com,temp_hash,Christine,,,2,active,False,1,2025-06-17T10:19:08.295821
602,Omer,omer@example.com,temp_hash,Omer,,,2,active,False,1,2025-06-17T10:19:08.295824
603,Alfred,alfred@example.com,temp_hash,Alfred,,,2,active,False,1,2025-06-17T10:19:08.295828
604,Marija,marija@example.com,temp_hash,Marija,,,2,active,False,1,2025-06-17T10:19:08.295831
605,Anandl,anandl@example.com,temp_hash,Anandl,,,2,active,False,1,2025-06-17T10:19:08.295834
606,Cindy,cindy@example.com,temp_hash,Cindy,,,2,active,False,1,2025-06-17T10:19:08.295838
607,Jerida,jerida@example.com,temp_hash,Jerida,,,2,active,False,1,2025-06-17T10:19:08.295841
608,Azza,azza@example.com,temp_hash,Azza,,,2,active,False,1,2025-06-17T10:19:08.295844
609,Jindapa,jindapa@example.com,temp_hash,Jindapa,,,2,active,False,1,2025-06-17T10:19:08.295848
610,Gabriele,gabriele@example.com,temp_hash,Gabriele,,,2,active,False,1,2025-06-17T10:19:08.295855
611,Nikolaos,nikolaos@example.com,temp_hash,Nikolaos,,,2,active,False,1,2025-06-17T10:19:08.295859
612,Anna,anna@example.com,temp_hash,Anna,,,2,active,False,1,2025-06-17T10:19:08.295862
613,Neville,neville@example.com,temp_hash,Neville,,,2,active,False,1,2025-06-17T10:19:08.295866
614,Hanli,hanli@example.com,temp_hash,Hanli,,,2,active,False,1,2025-06-17T10:19:08.295869
615,Sesethu,sesethu@example.com,temp_hash,Sesethu,,,2,active,False,1,2025-06-17T10:19:08.295872
616,Louisa,louisa@example.com,temp_hash,Louisa,,,2,active,False,1,2025-06-17T10:19:08.295876
617,Dominic,dominic@example.com,temp_hash,Dominic,,,2,active,False,1,2025-06-17T10:19:08.295879
618,Aneta,aneta@example.com,temp_hash,Aneta,,,2,active,False,1,2025-06-17T10:19:08.295882
619,Nuha,nuha@example.com,temp_hash,Nuha,,,2,active,False,1,2025-06-17T10:19:08.295886
620,Mario,mario@example.com,temp_hash,Mario,,,2,active,False,1,2025-06-17T10:19:08.295889
621,Yogesh,yogesh@example.com,temp_hash,Yogesh,,,2,active,False,1,2025-06-17T10:19:08.295892
622,Pilgrim44,pilgrim44@example.com,temp_hash,Pilgrim44,,,2,active,False,1,2025-06-17T10:19:08.295896
623,Geralda,geralda@example.com,temp_hash,Geralda,,,2,active,False,1,2025-06-17T10:19:08.295899
624,Amyia,amyia@example.com,temp_hash,Amyia,,,2,active,False,1,2025-06-17T10:19:08.295903
625,Talal,talal@example.com,temp_hash,Talal,,,2,active,False,1,2025-06-17T10:19:08.295906
626,Sari,sari@example.com,temp_hash,Sari,,,2,active,False,1,2025-06-17T10:19:08.295910
627,Marsha,marsha@example.com,temp_hash,Marsha,,,2,active,False,1,2025-06-17T10:19:08.295913
628,Cathy,cathy@example.com,temp_hash,Cathy,,,2,active,False,1,2025-06-17T10:19:08.295916
629,Jitka,jitka@example.com,temp_hash,Jitka,,,2,active,False,1,2025-06-17T10:19:08.295920
630,Sushma,sushma@example.com,temp_hash,Sushma,,,2,active,False,1,2025-06-17T10:19:08.295923
631,Robinson,robinson@example.com,temp_hash,Robinson,,,2,active,False,1,2025-06-17T10:19:08.295927
632,Barbara,barbara@example.com,temp_hash,Barbara,,,2,active,False,1,2025-06-17T10:19:08.295930
633,Prem,prem@example.com,temp_hash,Prem,,,2,active,False,1,2025-06-17T10:19:08.295933
634,Ingrid,ingrid@example.com,temp_hash,Ingrid,,,2,active,False,1,2025-06-17T10:19:08.295937
635,Jeanne,jeanne@example.com,temp_hash,Jeanne,,,2,active,False,1,2025-06-17T10:19:08.295940
636,Faycal,faycal@example.com,temp_hash,Faycal,,,2,active,False,1,2025-06-17T10:19:08.295943
637,Adrianna,adrianna@example.com,temp_hash,Adrianna,,,2,active,False,1,2025-06-17T10:19:08.295947
638,Ishankhot,ishankhot@example.com,temp_hash,Ishankhot,,,2,active,False,1,2025-06-17T10:19:08.295964
639,Federico,federico@example.com,temp_hash,Federico,,,2,active,False,1,2025-06-17T10:19:08.295968
640,Ivan,ivan@example.com,temp_hash,Ivan,,,2,active,False,1,2025-06-17T10:19:08.295971
641,Graham,graham@example.com,temp_hash,Graham,,,2,active,False,1,2025-06-17T10:19:08.295974
642,Ahmad,ahmad@example.com,temp_hash,Ahmad,,,2,active,False,1,2025-06-17T10:19:08.295978
643,Simona,simona@example.com,temp_hash,Simona,,,2,active,False,1,2025-06-17T10:19:08.295981
644,Mohamed,mohamed@example.com,temp_hash,Mohamed,,,2,active,False,1,2025-06-17T10:19:08.295985
645,Adam,adam@example.com,temp_hash,Adam,,,2,active,False,1,2025-06-17T10:19:08.295988
646,Md,md@example.com,temp_hash,Md,,,2,active,False,1,2025-06-17T10:19:08.295992
647,Annemarie,annemarie@example.com,temp_hash,Annemarie,,,2,active,False,1,2025-06-17T10:19:08.295995
648,Charaine,charaine@example.com,temp_hash,Charaine,,,2,active,False,1,2025-06-17T10:19:08.295998
649,Amanda,amanda@example.com,temp_hash,Amanda,,,2,active,False,1,2025-06-17T10:19:08.296002
650,Nasima,nasima@example.com,temp_hash,Nasima,,,2,active,False,1,2025-06-17T10:19:08.296005
651,Christin,christin@example.com,temp_hash,Christin,,,2,active,False,1,2025-06-17T10:19:08.296008
652,Renald,renald@example.com,temp_hash,Renald,,,2,active,False,1,2025-06-17T10:19:08.296012
653,Vitalij,vitalij@example.com,temp_hash,Vitalij,,,2,active,False,1,2025-06-17T10:19:08.296015
654,Holly,holly@example.com,temp_hash,Holly,,,2,active,False,1,2025-06-17T10:19:08.296019
655,Katarina,katarina@example.com,temp_hash,Katarina,,,2,active,False,1,2025-06-17T10:19:08.296022
656,Tayga_,tayga_@example.com,temp_hash,Tayga_,,,2,active,False,1,2025-06-17T10:19:08.296025
657,Edward,edward@example.com,temp_hash,Edward,,,2,active,False,1,2025-06-17T10:19:08.296029
658,Переяслав,переяслав@example.com,temp_hash,Переяслав,,,2,active,False,1,2025-06-17T10:19:08.296033
659,Nils,nils@example.com,temp_hash,Nils,,,2,active,False,1,2025-06-17T10:19:08.296036
660,Carmen,carmen@example.com,temp_hash,Carmen,,,2,active,False,1,2025-06-17T10:19:08.296040
661,Rajendran,rajendran@example.com,temp_hash,Rajendran,,,2,active,False,1,2025-06-17T10:19:08.296043
662,María,maría@example.com,temp_hash,María,,,2,active,False,1,2025-06-17T10:19:08.296047
663,Teresa,teresa@example.com,temp_hash,Teresa,,,2,active,False,1,2025-06-17T10:19:08.296050
664,Steven,steven@example.com,temp_hash,Steven,,,2,active,False,1,2025-06-17T10:19:08.296054
665,Thomas,thomas@example.com,temp_hash,Thomas,,,2,active,False,1,2025-06-17T10:19:08.296057
666,Ghadeer,ghadeer@example.com,temp_hash,Ghadeer,,,2,active,False,1,2025-06-17T10:19:08.296060
667,Gheorghiu,gheorghiu@example.com,temp_hash,Gheorghiu,,,2,active,False,1,2025-06-17T10:19:08.296067
668,Samadi,samadi@example.com,temp_hash,Samadi,,,2,active,False,1,2025-06-17T10:19:08.296071
669,Catalin,catalin@example.com,temp_hash,Catalin,,,2,active,False,1,2025-06-17T10:19:08.296074
670,Zheng,zheng@example.com,temp_hash,Zheng,,,2,active,False,1,2025-06-17T10:19:08.296078
671,Penelope,penelope@example.com,temp_hash,Penelope,,,2,active,False,1,2025-06-17T10:19:08.296081
672,Paolo,paolo@example.com,temp_hash,Paolo,,,2,active,False,1,2025-06-17T10:19:08.296085
673,Nada,nada@example.com,temp_hash,Nada,,,2,active,False,1,2025-06-17T10:19:08.296088
674,Silvia,silvia@example.com,temp_hash,Silvia,,,2,active,False,1,2025-06-17T10:19:08.296091
675,Tracey,tracey@example.com,temp_hash,Tracey,,,2,active,False,1,2025-06-17T10:19:08.296095
676,Ciara,ciara@example.com,temp_hash,Ciara,,,2,active,False,1,2025-06-17T10:19:08.296098
677,Emerenchia,emerenchia@example.com,temp_hash,Emerenchia,,,2,active,False,1,2025-06-17T10:19:08.296102
678,Nargis,nargis@example.com,temp_hash,Nargis,,,2,active,False,1,2025-06-17T10:19:08.296105
679,Hemanshu,hemanshu@example.com,temp_hash,Hemanshu,,,2,active,False,1,2025-06-17T10:19:08.296108
680,Uzma,uzma@example.com,temp_hash,Uzma,,,2,active,False,1,2025-06-17T10:19:08.296112
681,Morven,morven@example.com,temp_hash,Morven,,,2,active,False,1,2025-06-17T10:19:08.296115
682,Ann-kathrin,ann-kathrin@example.com,temp_hash,Ann-kathrin,,,2,active,False,1,2025-06-17T10:19:08.296119
683,Shini,shini@example.com,temp_hash,Shini,,,2,active,False,1,2025-06-17T10:19:08.296122
684,Sally,sally@example.com,temp_hash,Sally,,,2,active,False,1,2025-06-17T10:19:08.296125
685,Helet,helet@example.com,temp_hash,Helet,,,2,active,False,1,2025-06-17T10:19:08.296129
686,Alan,alan@example.com,temp_hash,Alan,,,2,active,False,1,2025-06-17T10:19:08.296132
687,Evangelos,evangelos@example.com,temp_hash,Evangelos,,,2,active,False,1,2025-06-17T10:19:08.296136
688,Cheryl,cheryl@example.com,temp_hash,Cheryl,,,2,active,False,1,2025-06-17T10:19:08.296139
689,Esteban,esteban@example.com,temp_hash,Esteban,,,2,active,False,1,2025-06-17T10:19:08.296143
690,Basem,basem@example.com,temp_hash,Basem,,,2,active,False,1,2025-06-17T10:19:08.296146
691,Aleksandar,aleksandar@example.com,temp_hash,Aleksandar,,,2,active,False,1,2025-06-17T10:19:08.296150
692,Vladimir,vladimir@example.com,temp_hash,Vladimir,,,2,active,False,1,2025-06-17T10:19:08.296153
693,Avdi,avdi@example.com,temp_hash,Avdi,,,2,active,False,1,2025-06-17T10:19:08.296156
694,Rosie,rosie@example.com,temp_hash,Rosie,,,2,active,False,1,2025-06-17T10:19:08.296160
695,Antonios,antonios@example.com,temp_hash,Antonios,,,2,active,False,1,2025-06-17T10:19:08.296163
696,Douglas,douglas@example.com,temp_hash,Douglas,,,2,active,False,1,2025-06-17T10:19:08.296168
697,Hakim,hakim@example.com,temp_hash,Hakim,,,2,active,False,1,2025-06-17T10:19:08.296180
698,Alexander,alexander@example.com,temp_hash,Alexander,,,2,active,False,1,2025-06-17T10:19:08.296184
699,Steev,steev@example.com,temp_hash,Steev,,,2,active,False,1,2025-06-17T10:19:08.296187
700,Marike,marike@example.com,temp_hash,Marike,,,2,active,False,1,2025-06-17T10:19:08.296191
701,Jamal,jamal@example.com,temp_hash,Jamal,,,2,active,False,1,2025-06-17T10:19:08.296194
702,Shames,shames@example.com,temp_hash,Shames,,,2,active,False,1,2025-06-17T10:19:08.296197
703,Wilson,wilson@example.com,temp_hash,Wilson,,,2,active,False,1,2025-06-17T10:19:08.296201
704,Andrei,andrei@example.com,temp_hash,Andrei,,,2,active,False,1,2025-06-17T10:19:08.296204
705,Gibran,gibran@example.com,temp_hash,Gibran,,,2,active,False,1,2025-06-17T10:19:08.296207
706,Anum,anum@example.com,temp_hash,Anum,,,2,active,False,1,2025-06-17T10:19:08.296211
707,Kenechi,kenechi@example.com,temp_hash,Kenechi,,,2,active,False,1,2025-06-17T10:19:08.296214
708,Mohammad,mohammad@example.com,temp_hash,Mohammad,,,2,active,False,1,2025-06-17T10:19:08.296218
709,Antoinette,antoinette@example.com,temp_hash,Antoinette,,,2,active,False,1,2025-06-17T10:19:08.296222
710,Isabella,isabella@example.com,temp_hash,Isabella,,,2,active,False,1,2025-06-17T10:19:08.296225
711,Leanne,leanne@example.com,temp_hash,Leanne,,,2,active,False,1,2025-06-17T10:19:08.296228
712,Lidia,lidia@example.com,temp_hash,Lidia,,,2,active,False,1,2025-06-17T10:19:08.296232
713,Bilal,bilal@example.com,temp_hash,Bilal,,,2,active,False,1,2025-06-17T10:19:08.296235
714,Menna,menna@example.com,temp_hash,Menna,,,2,active,False,1,2025-06-17T10:19:08.296239
715,Ricardo,ricardo@example.com,temp_hash,Ricardo,,,2,active,False,1,2025-06-17T10:19:08.296242
716,Iphigeneia,iphigeneia@example.com,temp_hash,Iphigeneia,,,2,active,False,1,2025-06-17T10:19:08.296246
717,Fabio,fabio@example.com,temp_hash,Fabio,,,2,active,False,1,2025-06-17T10:19:08.296249
718,Lucy,lucy@example.com,temp_hash,Lucy,,,2,active,False,1,2025-06-17T10:19:08.296252
719,Karan,karan@example.com,temp_hash,Karan,,,2,active,False,1,2025-06-17T10:19:08.296256
720,Irena,irena@example.com,temp_hash,Irena,,,2,active,False,1,2025-06-17T10:19:08.296260
721,Olamide,olamide@example.com,temp_hash,Olamide,,,2,active,False,1,2025-06-17T10:19:08.296264
722,Govind,govind@example.com,temp_hash,Govind,,,2,active,False,1,2025-06-17T10:19:08.296267
723,Liubov,liubov@example.com,temp_hash,Liubov,,,2,active,False,1,2025-06-17T10:19:08.296270
724,Mhd,mhd@example.com,temp_hash,Mhd,,,2,active,False,1,2025-06-17T10:19:08.296274
725,Mariola,mariola@example.com,temp_hash,Mariola,,,2,active,False,1,2025-06-17T10:19:08.296277
726,Lea,lea@example.com,temp_hash,Lea,,,2,active,False,1,2025-06-17T10:19:08.296281
727,Benjamin,benjamin@example.com,temp_hash,Benjamin,,,2,active,False,1,2025-06-17T10:19:08.296284
728,Luisa,luisa@example.com,temp_hash,Luisa,,,2,active,False,1,2025-06-17T10:19:08.296287
729,Bhavnish,bhavnish@example.com,temp_hash,Bhavnish,,,2,active,False,1,2025-06-17T10:19:08.296291
730,Marouane,marouane@example.com,temp_hash,Marouane,,,2,active,False,1,2025-06-17T10:19:08.296297
731,Leonard,leonard@example.com,temp_hash,Leonard,,,2,active,False,1,2025-06-17T10:19:08.296301
732,Burak,burak@example.com,temp_hash,Burak,,,2,active,False,1,2025-06-17T10:19:08.296304
733,Ramy,ramy@example.com,temp_hash,Ramy,,,2,active,False,1,2025-06-17T10:19:08.296308
734,Joanne,joanne@example.com,temp_hash,Joanne,,,2,active,False,1,2025-06-17T10:19:08.296311
735,Irene,irene@example.com,temp_hash,Irene,,,2,active,False,1,2025-06-17T10:19:08.296315
736,Sara,sara@example.com,temp_hash,Sara,,,2,active,False,1,2025-06-17T10:19:08.296318
737,Lalita,lalita@example.com,temp_hash,Lalita,,,2,active,False,1,2025-06-17T10:19:08.296321
738,Jacqui,jacqui@example.com,temp_hash,Jacqui,,,2,active,False,1,2025-06-17T10:19:08.296325
739,Kurniawan,kurniawan@example.com,temp_hash,Kurniawan,,,2,active,False,1,2025-06-17T10:19:08.296328
740,Ante,ante@example.com,temp_hash,Ante,,,2,active,False,1,2025-06-17T10:19:08.296332
741,Eunice,eunice@example.com,temp_hash,Eunice,,,2,active,False,1,2025-06-17T10:19:08.296335
742,Satu,satu@example.com,temp_hash,Satu,,,2,active,False,1,2025-06-17T10:19:08.296339
743,Pumza,pumza@example.com,temp_hash,Pumza,,,2,active,False,1,2025-06-17T10:19:08.296342
744,Tzveta,tzveta@example.com,temp_hash,Tzveta,,,2,active,False,1,2025-06-17T10:19:08.296345
745,Homam,homam@example.com,temp_hash,Homam,,,2,active,False,1,2025-06-17T10:19:08.296349
746,Mo's,mo's@example.com,temp_hash,Mo's,,,2,active,False,1,2025-06-17T10:19:08.296352
747,Abdulla,abdulla@example.com,temp_hash,Abdulla,,,2,active,False,1,2025-06-17T10:19:08.296355
748,Gerard,gerard@example.com,temp_hash,Gerard,,,2,active,False,1,2025-06-17T10:19:08.296359
749,Ileana,ileana@example.com,temp_hash,Ileana,,,2,active,False,1,2025-06-17T10:19:08.296362
750,Marie-eve,marie-eve@example.com,temp_hash,Marie-eve,,,2,active,False,1,2025-06-17T10:19:08.296366
751,Ivo,ivo@example.com,temp_hash,Ivo,,,2,active,False,1,2025-06-17T10:19:08.296369
752,Navendu,navendu@example.com,temp_hash,Navendu,,,2,active,False,1,2025-06-17T10:19:08.296372
753,Hüseyin,hüseyin@example.com,temp_hash,Hüseyin,,,2,active,False,1,2025-06-17T10:19:08.296376
754,Jackson,jackson@example.com,temp_hash,Jackson,,,2,active,False,1,2025-06-17T10:19:08.296379
755,Richard,richard@example.com,temp_hash,Richard,,,2,active,False,1,2025-06-17T10:19:08.296383
756,Pasha,pasha@example.com,temp_hash,Pasha,,,2,active,False,1,2025-06-17T10:19:08.296386
757,Sean,sean@example.com,temp_hash,Sean,,,2,active,False,1,2025-06-17T10:19:08.296390
758,Emna,emna@example.com,temp_hash,Emna,,,2,active,False,1,2025-06-17T10:19:08.296399
759,Candice,candice@example.com,temp_hash,Candice,,,2,active,False,1,2025-06-17T10:19:08.296403
760,Shady,shady@example.com,temp_hash,Shady,,,2,active,False,1,2025-06-17T10:19:08.296406
761,Lee,lee@example.com,temp_hash,Lee,,,2,active,False,1,2025-06-17T10:19:08.296409
762,Elias,elias@example.com,temp_hash,Elias,,,2,active,False,1,2025-06-17T10:19:08.296413
763,Tatiana,tatiana@example.com,temp_hash,Tatiana,,,2,active,False,1,2025-06-17T10:19:08.296416
764,Inna,inna@example.com,temp_hash,Inna,,,2,active,False,1,2025-06-17T10:19:08.296420
765,Daryl,daryl@example.com,temp_hash,Daryl,,,2,active,False,1,2025-06-17T10:19:08.296423
766,Makki,makki@example.com,temp_hash,Makki,,,2,active,False,1,2025-06-17T10:19:08.296427
767,Francisca,francisca@example.com,temp_hash,Francisca,,,2,active,False,1,2025-06-17T10:19:08.296431
768,Zainab,zainab@example.com,temp_hash,Zainab,,,2,active,False,1,2025-06-17T10:19:08.296434
769,Annie,annie@example.com,temp_hash,Annie,,,2,active,False,1,2025-06-17T10:19:08.296437
770,Joshita,joshita@example.com,temp_hash,Joshita,,,2,active,False,1,2025-06-17T10:19:08.296441
771,Isabel,isabel@example.com,temp_hash,Isabel,,,2,active,False,1,2025-06-17T10:19:08.296444
772,Sven,sven@example.com,temp_hash,Sven,,,2,active,False,1,2025-06-17T10:19:08.296448
773,Lizelle,lizelle@example.com,temp_hash,Lizelle,,,2,active,False,1,2025-06-17T10:19:08.296452
774,Chadi,chadi@example.com,temp_hash,Chadi,,,2,active,False,1,2025-06-17T10:19:08.296455
775,Lagu,lagu@example.com,temp_hash,Lagu,,,2,active,False,1,2025-06-17T10:19:08.296459
776,Pomesh,pomesh@example.com,temp_hash,Pomesh,,,2,active,False,1,2025-06-17T10:19:08.296462
777,Bagis,bagis@example.com,temp_hash,Bagis,,,2,active,False,1,2025-06-17T10:19:08.296465
778,Eliaa,eliaa@example.com,temp_hash,Eliaa,,,2,active,False,1,2025-06-17T10:19:08.296469
779,Serriah,serriah@example.com,temp_hash,Serriah,,,2,active,False,1,2025-06-17T10:19:08.296472
780,Pierre,pierre@example.com,temp_hash,Pierre,,,2,active,False,1,2025-06-17T10:19:08.296475
781,Ellen,ellen@example.com,temp_hash,Ellen,,,2,active,False,1,2025-06-17T10:19:08.296479
782,Dave,dave@example.com,temp_hash,Dave,,,2,active,False,1,2025-06-17T10:19:08.296482
783,Mahmoud,mahmoud@example.com,temp_hash,Mahmoud,,,2,active,False,1,2025-06-17T10:19:08.296485
784,Houda,houda@example.com,temp_hash,Houda,,,2,active,False,1,2025-06-17T10:19:08.296489
785,Bassam,bassam@example.com,temp_hash,Bassam,,,2,active,False,1,2025-06-17T10:19:08.296492
786,Rae,rae@example.com,temp_hash,Rae,,,2,active,False,1,2025-06-17T10:19:08.296496
787,Maciej,maciej@example.com,temp_hash,Maciej,,,2,active,False,1,2025-06-17T10:19:08.296499
788,Isabelle,isabelle@example.com,temp_hash,Isabelle,,,2,active,False,1,2025-06-17T10:19:08.296503
789,Ali,ali@example.com,temp_hash,Ali,,,2,active,False,1,2025-06-17T10:19:08.296506
790,Guylbert,guylbert@example.com,temp_hash,Guylbert,,,2,active,False,1,2025-06-17T10:19:08.296510
791,Kawkb,kawkb@example.com,temp_hash,Kawkb,,,2,active,False,1,2025-06-17T10:19:08.296514
792,David,david@example.com,temp_hash,David,,,2,active,False,1,2025-06-17T10:19:08.296518
793,Imran,imran@example.com,temp_hash,Imran,,,2,active,False,1,2025-06-17T10:19:08.296521
794,Bekim,bekim@example.com,temp_hash,Bekim,,,2,active,False,1,2025-06-17T10:19:08.296524
795,St,st@example.com,temp_hash,St,,,2,active,False,1,2025-06-17T10:19:08.296528
796,Hui,hui@example.com,temp_hash,Hui,,,2,active,False,1,2025-06-17T10:19:08.296531
797,Mateusz,mateusz@example.com,temp_hash,Mateusz,,,2,active,False,1,2025-06-17T10:19:08.296534
798,Nicolas,nicolas@example.com,temp_hash,Nicolas,,,2,active,False,1,2025-06-17T10:19:08.296538
799,Gerry,gerry@example.com,temp_hash,Gerry,,,2,active,False,1,2025-06-17T10:19:08.296542
800,Jamie,jamie@example.com,temp_hash,Jamie,,,2,active,False,1,2025-06-17T10:19:08.296545
801,Bee,bee@example.com,temp_hash,Bee,,,2,active,False,1,2025-06-17T10:19:08.296552
802,Mervyn,mervyn@example.com,temp_hash,Mervyn,,,2,active,False,1,2025-06-17T10:19:08.296555
803,Sanja,sanja@example.com,temp_hash,Sanja,,,2,active,False,1,2025-06-17T10:19:08.296559
804,Narayanan,narayanan@example.com,temp_hash,Narayanan,,,2,active,False,1,2025-06-17T10:19:08.296562
805,Nicolette,nicolette@example.com,temp_hash,Nicolette,,,2,active,False,1,2025-06-17T10:19:08.296566
806,Chigabo,chigabo@example.com,temp_hash,Chigabo,,,2,active,False,1,2025-06-17T10:19:08.296569
807,Tomasz,tomasz@example.com,temp_hash,Tomasz,,,2,active,False,1,2025-06-17T10:19:08.296572
808,Jean,jean@example.com,temp_hash,Jean,,,2,active,False,1,2025-06-17T10:19:08.296576
809,Eda,eda@example.com,temp_hash,Eda,,,2,active,False,1,2025-06-17T10:19:08.296579
810,Gemma,gemma@example.com,temp_hash,Gemma,,,2,active,False,1,2025-06-17T10:19:08.296582
811,Dorothy,dorothy@example.com,temp_hash,Dorothy,,,2,active,False,1,2025-06-17T10:19:08.296586
812,Walid,walid@example.com,temp_hash,Walid,,,2,active,False,1,2025-06-17T10:19:08.296589
813,Saba,saba@example.com,temp_hash,Saba,,,2,active,False,1,2025-06-17T10:19:08.296592
814,Aguyabroad,aguyabroad@example.com,temp_hash,Aguyabroad,,,2,active,False,1,2025-06-17T10:19:08.296597
815,Micha,micha@example.com,temp_hash,Micha,,,2,active,False,1,2025-06-17T10:19:08.296600
816,Star,star@example.com,temp_hash,Star,,,2,active,False,1,2025-06-17T10:19:08.296603
817,Jill,jill@example.com,temp_hash,Jill,,,2,active,False,1,2025-06-17T10:19:08.296607
818,Cristiana,cristiana@example.com,temp_hash,Cristiana,,,2,active,False,1,2025-06-17T10:19:08.296610
819,Amit,amit@example.com,temp_hash,Amit,,,2,active,False,1,2025-06-17T10:19:08.296626
820,Tomas,tomas@example.com,temp_hash,Tomas,,,2,active,False,1,2025-06-17T10:19:08.296630
821,Carol,carol@example.com,temp_hash,Carol,,,2,active,False,1,2025-06-17T10:19:08.296633
822,Jeremy,jeremy@example.com,temp_hash,Jeremy,,,2,active,False,1,2025-06-17T10:19:08.296636
823,Mykhaylo,mykhaylo@example.com,temp_hash,Mykhaylo,,,2,active,False,1,2025-06-17T10:19:08.296640
824,Chula,chula@example.com,temp_hash,Chula,,,2,active,False,1,2025-06-17T10:19:08.296643
825,Rudolf,rudolf@example.com,temp_hash,Rudolf,,,2,active,False,1,2025-06-17T10:19:08.296646
826,Blanca,blanca@example.com,temp_hash,Blanca,,,2,active,False,1,2025-06-17T10:19:08.296650
827,Roberto,roberto@example.com,temp_hash,Roberto,,,2,active,False,1,2025-06-17T10:19:08.296653
828,Patrice,patrice@example.com,temp_hash,Patrice,,,2,active,False,1,2025-06-17T10:19:08.296656
829,Tom,tom@example.com,temp_hash,Tom,,,2,active,False,1,2025-06-17T10:19:08.296661
830,Silviacarrilho,silviacarrilho@example.com,temp_hash,Silviacarrilho,,,2,active,False,1,2025-06-17T10:19:08.296664
831,O'donnell,o'donnell@example.com,temp_hash,O'donnell,,,2,active,False,1,2025-06-17T10:19:08.296668
832,Suniti,suniti@example.com,temp_hash,Suniti,,,2,active,False,1,2025-06-17T10:19:08.296671
833,Andre,andre@example.com,temp_hash,Andre,,,2,active,False,1,2025-06-17T10:19:08.296675
834,Pushkar,pushkar@example.com,temp_hash,Pushkar,,,2,active,False,1,2025-06-17T10:19:08.296678
835,Mariana,mariana@example.com,temp_hash,Mariana,,,2,active,False,1,2025-06-17T10:19:08.296681
836,Sherif,sherif@example.com,temp_hash,Sherif,,,2,active,False,1,2025-06-17T10:19:08.296685
837,Diane,diane@example.com,temp_hash,Diane,,,2,active,False,1,2025-06-17T10:19:08.296688
838,Buki,buki@example.com,temp_hash,Buki,,,2,active,False,1,2025-06-17T10:19:08.296691
839,Telmo,telmo@example.com,temp_hash,Telmo,,,2,active,False,1,2025-06-17T10:19:08.296695
840,Herve,herve@example.com,temp_hash,Herve,,,2,active,False,1,2025-06-17T10:19:08.296698
841,Owen,owen@example.com,temp_hash,Owen,,,2,active,False,1,2025-06-17T10:19:08.296701
842,Nelson,nelson@example.com,temp_hash,Nelson,,,2,active,False,1,2025-06-17T10:19:08.296705
843,Ingo,ingo@example.com,temp_hash,Ingo,,,2,active,False,1,2025-06-17T10:19:08.296708
844,Sibusiso,sibusiso@example.com,temp_hash,Sibusiso,,,2,active,False,1,2025-06-17T10:19:08.296711
845,Hanadi,hanadi@example.com,temp_hash,Hanadi,,,2,active,False,1,2025-06-17T10:19:08.296715
846,Floriane,floriane@example.com,temp_hash,Floriane,,,2,active,False,1,2025-06-17T10:19:08.296740
847,Michelle,michelle@example.com,temp_hash,Michelle,,,2,active,False,1,2025-06-17T10:19:08.296744
848,Zhanna,zhanna@example.com,temp_hash,Zhanna,,,2,active,False,1,2025-06-17T10:19:08.296747
849,Irina,irina@example.com,temp_hash,Irina,,,2,active,False,1,2025-06-17T10:19:08.296751
850,Matteo,matteo@example.com,temp_hash,Matteo,,,2,active,False,1,2025-06-17T10:19:08.296755
851,Choo,choo@example.com,temp_hash,Choo,,,2,active,False,1,2025-06-17T10:19:08.296758
852,Abdulaziz,abdulaziz@example.com,temp_hash,Abdulaziz,,,2,active,False,1,2025-06-17T10:19:08.296761
853,Narisa,narisa@example.com,temp_hash,Narisa,,,2,active,False,1,2025-06-17T10:19:08.296764
854,Joanna,joanna@example.com,temp_hash,Joanna,,,2,active,False,1,2025-06-17T10:19:08.296768
855,Jane,jane@example.com,temp_hash,Jane,,,2,active,False,1,2025-06-17T10:19:08.296771
856,Dahham,dahham@example.com,temp_hash,Dahham,,,2,active,False,1,2025-06-17T10:19:08.296774
857,Dina,dina@example.com,temp_hash,Dina,,,2,active,False,1,2025-06-17T10:19:08.296778
858,Loic,loic@example.com,temp_hash,Loic,,,2,active,False,1,2025-06-17T10:19:08.296782
859,Lorna,lorna@example.com,temp_hash,Lorna,,,2,active,False,1,2025-06-17T10:19:08.296786
860,Francoise,francoise@example.com,temp_hash,Francoise,,,2,active,False,1,2025-06-17T10:19:08.296789
861,Joseph,joseph@example.com,temp_hash,Joseph,,,2,active,False,1,2025-06-17T10:19:08.296793
862,Monica,monica@example.com,temp_hash,Monica,,,2,active,False,1,2025-06-17T10:19:08.296797
863,Yolisa,yolisa@example.com,temp_hash,Yolisa,,,2,active,False,1,2025-06-17T10:19:08.296800
864,Dmytro,dmytro@example.com,temp_hash,Dmytro,,,2,active,False,1,2025-06-17T10:19:08.296803
865,Aleksei,aleksei@example.com,temp_hash,Aleksei,,,2,active,False,1,2025-06-17T10:19:08.296807
866,Nabukeera,nabukeera@example.com,temp_hash,Nabukeera,,,2,active,False,1,2025-06-17T10:19:08.296810
867,Andries,andries@example.com,temp_hash,Andries,,,2,active,False,1,2025-06-17T10:19:08.296814
868,Heather,heather@example.com,temp_hash,Heather,,,2,active,False,1,2025-06-17T10:19:08.296817
869,Cristina,cristina@example.com,temp_hash,Cristina,,,2,active,False,1,2025-06-17T10:19:08.296821
870,Rolakhoury,rolakhoury@example.com,temp_hash,Rolakhoury,,,2,active,False,1,2025-06-17T10:19:08.296824
871,Ridha,ridha@example.com,temp_hash,Ridha,,,2,active,False,1,2025-06-17T10:19:08.296827
872,Lara,lara@example.com,temp_hash,Lara,,,2,active,False,1,2025-06-17T10:19:08.296831
873,Johan,johan@example.com,temp_hash,Johan,,,2,active,False,1,2025-06-17T10:19:08.296834
874,Janice,janice@example.com,temp_hash,Janice,,,2,active,False,1,2025-06-17T10:19:08.296838
875,Jessica,jessica@example.com,temp_hash,Jessica,,,2,active,False,1,2025-06-17T10:19:08.296842
876,Omar,omar@example.com,temp_hash,Omar,,,2,active,False,1,2025-06-17T10:19:08.296845
877,Nihan,nihan@example.com,temp_hash,Nihan,,,2,active,False,1,2025-06-17T10:19:08.296848
878,Massimo,massimo@example.com,temp_hash,Massimo,,,2,active,False,1,2025-06-17T10:19:08.296852
879,Latoya,latoya@example.com,temp_hash,Latoya,,,2,active,False,1,2025-06-17T10:19:08.296855
880,Pincat,pincat@example.com,temp_hash,Pincat,,,2,active,False,1,2025-06-17T10:19:08.296859
881,Nabeel,nabeel@example.com,temp_hash,Nabeel,,,2,active,False,1,2025-06-17T10:19:08.296862
882,Gabriela,gabriela@example.com,temp_hash,Gabriela,,,2,active,False,1,2025-06-17T10:19:08.296865
883,Jordan,jordan@example.com,temp_hash,Jordan,,,2,active,False,1,2025-06-17T10:19:08.296869
884,George,george@example.com,temp_hash,George,,,2,active,False,1,2025-06-17T10:19:08.296873
885,Andrii,andrii@example.com,temp_hash,Andrii,,,2,active,False,1,2025-06-17T10:19:08.296876
886,Ruben,ruben@example.com,temp_hash,Ruben,,,2,active,False,1,2025-06-17T10:19:08.296879
887,Carina,carina@example.com,temp_hash,Carina,,,2,active,False,1,2025-06-17T10:19:08.296883
888,Hania,hania@example.com,temp_hash,Hania,,,2,active,False,1,2025-06-17T10:19:08.296886
889,Holger,holger@example.com,temp_hash,Holger,,,2,active,False,1,2025-06-17T10:19:08.296889
890,Venkat,venkat@example.com,temp_hash,Venkat,,,2,active,False,1,2025-06-17T10:19:08.296893
891,Gary,gary@example.com,temp_hash,Gary,,,2,active,False,1,2025-06-17T10:19:08.296896
892,Hakan,hakan@example.com,temp_hash,Hakan,,,2,active,False,1,2025-06-17T10:19:08.296900
893,Penny,penny@example.com,temp_hash,Penny,,,2,active,False,1,2025-06-17T10:19:08.296904
894,Quin,quin@example.com,temp_hash,Quin,,,2,active,False,1,2025-06-17T10:19:08.296908
895,Lancelotte,lancelotte@example.com,temp_hash,Lancelotte,,,2,active,False,1,2025-06-17T10:19:08.296912
896,Patrycja,patrycja@example.com,temp_hash,Patrycja,,,2,active,False,1,2025-06-17T10:19:08.296916
897,Menene,menene@example.com,temp_hash,Menene,,,2,active,False,1,2025-06-17T10:19:08.296919
898,Maeve,maeve@example.com,temp_hash,Maeve,,,2,active,False,1,2025-06-17T10:19:08.296923
899,Natasha,natasha@example.com,temp_hash,Natasha,,,2,active,False,1,2025-06-17T10:19:08.296926
900,Abusultan,abusultan@example.com,temp_hash,Abusultan,,,2,active,False,1,2025-06-17T10:19:08.296930
901,Joshua,joshua@example.com,temp_hash,Joshua,,,2,active,False,1,2025-06-17T10:19:08.296933
902,Marilyn,marilyn@example.com,temp_hash,Marilyn,,,2,active,False,1,2025-06-17T10:19:08.296937
903,Tarek,tarek@example.com,temp_hash,Tarek,,,2,active,False,1,2025-06-17T10:19:08.296940
904,Susan,susan@example.com,temp_hash,Susan,,,2,active,False,1,2025-06-17T10:19:08.296944
905,Shroeter,shroeter@example.com,temp_hash,Shroeter,,,2,active,False,1,2025-06-17T10:19:08.296947
906,Zina,zina@example.com,temp_hash,Zina,,,2,active,False,1,2025-06-17T10:19:08.296951
907,Elizabeth,elizabeth@example.com,temp_hash,Elizabeth,,,2,active,False,1,2025-06-17T10:19:08.296954
908,Broderick,broderick@example.com,temp_hash,Broderick,,,2,active,False,1,2025-06-17T10:19:08.296958
909,Faizah,faizah@example.com,temp_hash,Faizah,,,2,active,False,1,2025-06-17T10:19:08.296961
910,Batool,batool@example.com,temp_hash,Batool,,,2,active,False,1,2025-06-17T10:19:08.296965
911,Zuzana,zuzana@example.com,temp_hash,Zuzana,,,2,active,False,1,2025-06-17T10:19:08.296968
912,Nayim,nayim@example.com,temp_hash,Nayim,,,2,active,False,1,2025-06-17T10:19:08.296971
913,Perry,perry@example.com,temp_hash,Perry,,,2,active,False,1,2025-06-17T10:19:08.296975
914,Filip,filip@example.com,temp_hash,Filip,,,2,active,False,1,2025-06-17T10:19:08.297069
915,Cyril,cyril@example.com,temp_hash,Cyril,,,2,active,False,1,2025-06-17T10:19:08.297073
916,Sheena,sheena@example.com,temp_hash,Sheena,,,2,active,False,1,2025-06-17T10:19:08.297077
917,Fawzia,fawzia@example.com,temp_hash,Fawzia,,,2,active,False,1,2025-06-17T10:19:08.297080
918,Setyawati,setyawati@example.com,temp_hash,Setyawati,,,2,active,False,1,2025-06-17T10:19:08.297084
919,Debra,debra@example.com,temp_hash,Debra,,,2,active,False,1,2025-06-17T10:19:08.297088
920,Victoria,victoria@example.com,temp_hash,Victoria,,,2,active,False,1,2025-06-17T10:19:08.297091
921,Rene,rene@example.com,temp_hash,Rene,,,2,active,False,1,2025-06-17T10:19:08.297095
922,Julie,julie@example.com,temp_hash,Julie,,,2,active,False,1,2025-06-17T10:19:08.297098
923,Waipaina,waipaina@example.com,temp_hash,Waipaina,,,2,active,False,1,2025-06-17T10:19:08.297101
924,Mrs,mrs@example.com,temp_hash,Mrs,,,2,active,False,1,2025-06-17T10:19:08.297105
925,Yone,yone@example.com,temp_hash,Yone,,,2,active,False,1,2025-06-17T10:19:08.297108
926,Ifeyinwa,ifeyinwa@example.com,temp_hash,Ifeyinwa,,,2,active,False,1,2025-06-17T10:19:08.297112
927,Christopher,christopher@example.com,temp_hash,Christopher,,,2,active,False,1,2025-06-17T10:19:08.297115
928,Vasiliki,vasiliki@example.com,temp_hash,Vasiliki,,,2,active,False,1,2025-06-17T10:19:08.297119
929,Jan,jan@example.com,temp_hash,Jan,,,2,active,False,1,2025-06-17T10:19:08.297122
930,Arendse,arendse@example.com,temp_hash,Arendse,,,2,active,False,1,2025-06-17T10:19:08.297125
931,Pawel,pawel@example.com,temp_hash,Pawel,,,2,active,False,1,2025-06-17T10:19:08.297129
932,Charity,charity@example.com,temp_hash,Charity,,,2,active,False,1,2025-06-17T10:19:08.297132
933,Seda,seda@example.com,temp_hash,Seda,,,2,active,False,1,2025-06-17T10:19:08.297136
934,Roger,roger@example.com,temp_hash,Roger,,,2,active,False,1,2025-06-17T10:19:08.297142
935,Nicky147,nicky147@example.com,temp_hash,Nicky147,,,2,active,False,1,2025-06-17T10:19:08.297146
936,Alice,alice@example.com,temp_hash,Alice,,,2,active,False,1,2025-06-17T10:19:08.297149
937,Hamdi,hamdi@example.com,temp_hash,Hamdi,,,2,active,False,1,2025-06-17T10:19:08.297153
938,Guannan,guannan@example.com,temp_hash,Guannan,,,2,active,False,1,2025-06-17T10:19:08.297156
939,Shaun,shaun@example.com,temp_hash,Shaun,,,2,active,False,1,2025-06-17T10:19:08.297160
940,Charles,charles@example.com,temp_hash,Charles,,,2,active,False,1,2025-06-17T10:19:08.297163
941,Allison,allison@example.com,temp_hash,Allison,,,2,active,False,1,2025-06-17T10:19:08.297166
942,Elettra,elettra@example.com,temp_hash,Elettra,,,2,active,False,1,2025-06-17T10:19:08.297170
943,M,m@example.com,temp_hash,M,,,2,active,False,1,2025-06-17T10:19:08.297173
944,Mariaan,mariaan@example.com,temp_hash,Mariaan,,,2,active,False,1,2025-06-17T10:19:08.297176
945,Vincent,vincent@example.com,temp_hash,Vincent,,,2,active,False,1,2025-06-17T10:19:08.297181
946,Amir,amir@example.com,temp_hash,Amir,,,2,active,False,1,2025-06-17T10:19:08.297185
947,עידן,עידן@example.com,temp_hash,עידן,,,2,active,False,1,2025-06-17T10:19:08.297188
948,Rohini,rohini@example.com,temp_hash,Rohini,,,2,active,False,1,2025-06-17T10:19:08.297192
949,Yvette,yvette@example.com,temp_hash,Yvette,,,2,active,False,1,2025-06-17T10:19:08.297195
950,Helen,helen@example.com,temp_hash,Helen,,,2,active,False,1,2025-06-17T10:19:08.297199
951,Barry,barry@example.com,temp_hash,Barry,,,2,active,False,1,2025-06-17T10:19:08.297202
952,William,william@example.com,temp_hash,William,,,2,active,False,1,2025-06-17T10:19:08.297206
953,Mike,mike@example.com,temp_hash,Mike,,,2,active,False,1,2025-06-17T10:19:08.297209
954,Linda,linda@example.com,temp_hash,Linda,,,2,active,False,1,2025-06-17T10:19:08.297212
955,Thamer,thamer@example.com,temp_hash,Thamer,,,2,active,False,1,2025-06-17T10:19:08.297216
956,Aqeel,aqeel@example.com,temp_hash,Aqeel,,,2,active,False,1,2025-06-17T10:19:08.297219
957,Yurisha,yurisha@example.com,temp_hash,Yurisha,,,2,active,False,1,2025-06-17T10:19:08.297222
958,Naomi,naomi@example.com,temp_hash,Naomi,,,2,active,False,1,2025-06-17T10:19:08.297226
959,Lorraine,lorraine@example.com,temp_hash,Lorraine,,,2,active,False,1,2025-06-17T10:19:08.297229
960,Frederik,frederik@example.com,temp_hash,Frederik,,,2,active,False,1,2025-06-17T10:19:08.297233
961,Lina,lina@example.com,temp_hash,Lina,,,2,active,False,1,2025-06-17T10:19:08.297236
962,Saad,saad@example.com,temp_hash,Saad,,,2,active,False,1,2025-06-17T10:19:08.297239
963,Innez,innez@example.com,temp_hash,Innez,,,2,active,False,1,2025-06-17T10:19:08.297246
964,Emmanouil,emmanouil@example.com,temp_hash,Emmanouil,,,2,active,False,1,2025-06-17T10:19:08.297249
965,Gilles,gilles@example.com,temp_hash,Gilles,,,2,active,False,1,2025-06-17T10:19:08.297253
966,Leesel,leesel@example.com,temp_hash,Leesel,,,2,active,False,1,2025-06-17T10:19:08.297256
967,Guenter,guenter@example.com,temp_hash,Guenter,,,2,active,False,1,2025-06-17T10:19:08.297259
968,Swaby,swaby@example.com,temp_hash,Swaby,,,2,active,False,1,2025-06-17T10:19:08.297263
969,Karamveer,karamveer@example.com,temp_hash,Karamveer,,,2,active,False,1,2025-06-17T10:19:08.297266
970,Dd_belgium,dd_belgium@example.com,temp_hash,Dd_belgium,,,2,active,False,1,2025-06-17T10:19:08.297270
971,Geoff,geoff@example.com,temp_hash,Geoff,,,2,active,False,1,2025-06-17T10:19:08.297274
972,Borislav,borislav@example.com,temp_hash,Borislav,,,2,active,False,1,2025-06-17T10:19:08.297277
973,Yousef,yousef@example.com,temp_hash,Yousef,,,2,active,False,1,2025-06-17T10:19:08.297280
974,Audrey,audrey@example.com,temp_hash,Audrey,,,2,active,False,1,2025-06-17T10:19:08.297286
975,Jim,jim@example.com,temp_hash,Jim,,,2,active,False,1,2025-06-17T10:19:08.297289
976,Cecily,cecily@example.com,temp_hash,Cecily,,,2,active,False,1,2025-06-17T10:19:08.297292
977,Tracy,tracy@example.com,temp_hash,Tracy,,,2,active,False,1,2025-06-17T10:19:08.297296
978,Staffan,staffan@example.com,temp_hash,Staffan,,,2,active,False,1,2025-06-17T10:19:08.297299
979,Bryant,bryant@example.com,temp_hash,Bryant,,,2,active,False,1,2025-06-17T10:19:08.297303
980,Arda,arda@example.com,temp_hash,Arda,,,2,active,False,1,2025-06-17T10:19:08.297306
981,Gratefullion,gratefullion@example.com,temp_hash,Gratefullion,,,2,active,False,1,2025-06-17T10:19:08.297310
982,Mehak,mehak@example.com,temp_hash,Mehak,,,2,active,False,1,2025-06-17T10:19:08.297313
983,Mohamad,mohamad@example.com,temp_hash,Mohamad,,,2,active,False,1,2025-06-17T10:19:08.297316
984,Rasheed,rasheed@example.com,temp_hash,Rasheed,,,2,active,False,1,2025-06-17T10:19:08.297320
985,Norman,norman@example.com,temp_hash,Norman,,,2,active,False,1,2025-06-17T10:19:08.297323
986,Clive,clive@example.com,temp_hash,Clive,,,2,active,False,1,2025-06-17T10:19:08.297327
987,Catherine,catherine@example.com,temp_hash,Catherine,,,2,active,False,1,2025-06-17T10:19:08.297330
988,Simon,simon@example.com,temp_hash,Simon,,,2,active,False,1,2025-06-17T10:19:08.297334
989,Aida,aida@example.com,temp_hash,Aida,,,2,active,False,1,2025-06-17T10:19:08.297337
990,Suus,suus@example.com,temp_hash,Suus,,,2,active,False,1,2025-06-17T10:19:08.297340
991,Mr,mr@example.com,temp_hash,Mr,,,2,active,False,1,2025-06-17T10:19:08.297347
992,Fasil,fasil@example.com,temp_hash,Fasil,,,2,active,False,1,2025-06-17T10:19:08.297350
993,Saoirse,saoirse@example.com,temp_hash,Saoirse,,,2,active,False,1,2025-06-17T10:19:08.297354
994,Karine,karine@example.com,temp_hash,Karine,,,2,active,False,1,2025-06-17T10:19:08.297357
995,Toritseju,toritseju@example.com,temp_hash,Toritseju,,,2,active,False,1,2025-06-17T10:19:08.297361
996,Sboln,sboln@example.com,temp_hash,Sboln,,,2,active,False,1,2025-06-17T10:19:08.297364
997,manager1,manager1@radisson.com,temp_hash,Manager,1,,1,active,True,0,2025-06-17T10:19:08.297391
998,manager2,manager2@radisson.com,temp_hash,Manager,2,,1,active,True,0,2025-06-17T10:19:08.297396
999,manager3,manager3@radisson.com,temp_hash,Manager,3,,1,active,True,0,2025-06-17T10:19:08.297399
1000,manager4,manager4@radisson.com,temp_hash,Manager,4,,1,active,True,0,2025-06-17T10:19:08.297403
1001,manager5,manager5@radisson.com,temp_hash,Manager,5,,1,active,True,0,2025-06-17T10:19:08.297407
1002,manager6,manager6@radisson.com,temp_hash,Manager,6,,1,active,True,0,2025-06-17T10:19:08.297411
1003,manager7,manager7@radisson.com,temp_hash,Manager,7,,1,active,True,0,2025-06-17T10:19:08.297414
1004,manager8,manager8@radisson.com,temp_hash,Manager,8,,1,active,True,0,2025-06-17T10:19:08.297418
1005,manager9,manager9@radisson.com,temp_hash,Manager,9,,1,active,True,0,2025-06-17T10:19:08.297422
1006,manager10,manager10@radisson.com,temp_hash,Manager,10,,1,active,True,0,2025-06-17T10:19:08.297426
