id,username,email,password_hash,first_name,last_name,nationality,role_id,account_status,email_verified,review_count,created_at
1,Fernanda,fernanda@example.com,temp_hash,Fernanda,,,2,active,False,1,2025-06-18T16:33:04.389417
2,Mercedes,mercedes@example.com,temp_hash,Mercedes,,,2,active,False,1,2025-06-18T16:33:04.389446
3,Rachael,rachael@example.com,temp_hash,Rachael,,,2,active,False,1,2025-06-18T16:33:04.389458
4,Carmen,carmen@example.com,temp_hash,Carmen,,,2,active,False,1,2025-06-18T16:33:04.389464
5,Wissam,wissam@example.com,temp_hash,Wissam,,,2,active,False,1,2025-06-18T16:33:04.389469
6,Monahy,monahy@example.com,temp_hash,Monahy,,,2,active,False,1,2025-06-18T16:33:04.389474
7,Dahham,dahham@example.com,temp_hash,Dahham,,,2,active,False,1,2025-06-18T16:33:04.389479
8,Marilyn,marilyn@example.com,temp_hash,Marilyn,,,2,active,False,1,2025-06-18T16:33:04.389485
9,Nasser,nasser@example.com,temp_hash,Nasser,,,2,active,False,1,2025-06-18T16:33:04.389489
10,Noeleen,noeleen@example.com,temp_hash,Noeleen,,,2,active,False,1,2025-06-18T16:33:04.389498
11,Abdulnaser,abdulnaser@example.com,temp_hash,Abdulnaser,,,2,active,False,1,2025-06-18T16:33:04.389503
12,Diana,diana@example.com,temp_hash,Diana,,,2,active,False,1,2025-06-18T16:33:04.389509
13,Basem,basem@example.com,temp_hash,Basem,,,2,active,False,1,2025-06-18T16:33:04.389514
14,Kristian,kristian@example.com,temp_hash,Kristian,,,2,active,False,1,2025-06-18T16:33:04.389518
15,Jamal,jamal@example.com,temp_hash,Jamal,,,2,active,False,1,2025-06-18T16:33:04.389524
16,Kristel,kristel@example.com,temp_hash,Kristel,,,2,active,False,1,2025-06-18T16:33:04.389529
17,Sanda,sanda@example.com,temp_hash,Sanda,,,2,active,False,1,2025-06-18T16:33:04.389533
18,Pasha,pasha@example.com,temp_hash,Pasha,,,2,active,False,1,2025-06-18T16:33:04.389538
19,Guylbert,guylbert@example.com,temp_hash,Guylbert,,,2,active,False,1,2025-06-18T16:33:04.389543
20,Milton,milton@example.com,temp_hash,Milton,,,2,active,False,1,2025-06-18T16:33:04.389547
21,Charis,charis@example.com,temp_hash,Charis,,,2,active,False,1,2025-06-18T16:33:04.389552
22,Hana,hana@example.com,temp_hash,Hana,,,2,active,False,1,2025-06-18T16:33:04.389557
23,Natasha,natasha@example.com,temp_hash,Natasha,,,2,active,False,1,2025-06-18T16:33:04.389561
24,Candice,candice@example.com,temp_hash,Candice,,,2,active,False,1,2025-06-18T16:33:04.389566
25,Anum,anum@example.com,temp_hash,Anum,,,2,active,False,1,2025-06-18T16:33:04.389570
26,Bill,bill@example.com,temp_hash,Bill,,,2,active,False,1,2025-06-18T16:33:04.389575
27,Stefan,stefan@example.com,temp_hash,Stefan,,,2,active,False,1,2025-06-18T16:33:04.389579
28,Myriam,myriam@example.com,temp_hash,Myriam,,,2,active,False,1,2025-06-18T16:33:04.389584
29,Colin,colin@example.com,temp_hash,Colin,,,2,active,False,1,2025-06-18T16:33:04.389589
30,Joanna,joanna@example.com,temp_hash,Joanna,,,2,active,False,1,2025-06-18T16:33:04.389593
31,Herman,herman@example.com,temp_hash,Herman,,,2,active,False,1,2025-06-18T16:33:04.389597
32,Lori,lori@example.com,temp_hash,Lori,,,2,active,False,1,2025-06-18T16:33:04.389602
33,Glenjor,glenjor@example.com,temp_hash,Glenjor,,,2,active,False,1,2025-06-18T16:33:04.389607
34,Agnieszka,agnieszka@example.com,temp_hash,Agnieszka,,,2,active,False,1,2025-06-18T16:33:04.389612
35,Lara,lara@example.com,temp_hash,Lara,,,2,active,False,1,2025-06-18T16:33:04.389617
36,Tomasz,tomasz@example.com,temp_hash,Tomasz,,,2,active,False,1,2025-06-18T16:33:04.389621
37,Deirdre,deirdre@example.com,temp_hash,Deirdre,,,2,active,False,1,2025-06-18T16:33:04.389626
38,Merve,merve@example.com,temp_hash,Merve,,,2,active,False,1,2025-06-18T16:33:04.389630
39,Billy,billy@example.com,temp_hash,Billy,,,2,active,False,1,2025-06-18T16:33:04.389638
40,Mohammad,mohammad@example.com,temp_hash,Mohammad,,,2,active,False,1,2025-06-18T16:33:04.389643
41,Narina,narina@example.com,temp_hash,Narina,,,2,active,False,1,2025-06-18T16:33:04.389647
42,Mit,mit@example.com,temp_hash,Mit,,,2,active,False,1,2025-06-18T16:33:04.389653
43,Serriah,serriah@example.com,temp_hash,Serriah,,,2,active,False,1,2025-06-18T16:33:04.389658
44,Maher,maher@example.com,temp_hash,Maher,,,2,active,False,1,2025-06-18T16:33:04.389662
45,Vibhor,vibhor@example.com,temp_hash,Vibhor,,,2,active,False,1,2025-06-18T16:33:04.389667
46,Carlo,carlo@example.com,temp_hash,Carlo,,,2,active,False,1,2025-06-18T16:33:04.389671
47,Isabelle,isabelle@example.com,temp_hash,Isabelle,,,2,active,False,1,2025-06-18T16:33:04.389676
48,Alysia,alysia@example.com,temp_hash,Alysia,,,2,active,False,1,2025-06-18T16:33:04.389684
49,Vladimir,vladimir@example.com,temp_hash,Vladimir,,,2,active,False,1,2025-06-18T16:33:04.389688
50,Bilal,bilal@example.com,temp_hash,Bilal,,,2,active,False,1,2025-06-18T16:33:04.389693
51,Kim,kim@example.com,temp_hash,Kim,,,2,active,False,1,2025-06-18T16:33:04.389700
52,Vesela,vesela@example.com,temp_hash,Vesela,,,2,active,False,1,2025-06-18T16:33:04.389705
53,Yvette,yvette@example.com,temp_hash,Yvette,,,2,active,False,1,2025-06-18T16:33:04.389710
54,Geoff,geoff@example.com,temp_hash,Geoff,,,2,active,False,1,2025-06-18T16:33:04.389718
55,Bhavnish,bhavnish@example.com,temp_hash,Bhavnish,,,2,active,False,1,2025-06-18T16:33:04.389722
56,Georgina,georgina@example.com,temp_hash,Georgina,,,2,active,False,1,2025-06-18T16:33:04.389727
57,Lawrence,lawrence@example.com,temp_hash,Lawrence,,,2,active,False,1,2025-06-18T16:33:04.389735
58,Christiane,christiane@example.com,temp_hash,Christiane,,,2,active,False,1,2025-06-18T16:33:04.389740
59,Samir,samir@example.com,temp_hash,Samir,,,2,active,False,1,2025-06-18T16:33:04.389745
60,Ghada,ghada@example.com,temp_hash,Ghada,,,2,active,False,1,2025-06-18T16:33:04.389750
61,Jamie,jamie@example.com,temp_hash,Jamie,,,2,active,False,1,2025-06-18T16:33:04.389758
62,Diyar,diyar@example.com,temp_hash,Diyar,,,2,active,False,1,2025-06-18T16:33:04.389763
63,Terence,terence@example.com,temp_hash,Terence,,,2,active,False,1,2025-06-18T16:33:04.389767
64,Переяслав,переяслав@example.com,temp_hash,Переяслав,,,2,active,False,1,2025-06-18T16:33:04.389779
65,Mirjana,mirjana@example.com,temp_hash,Mirjana,,,2,active,False,1,2025-06-18T16:33:04.389783
66,Lybia,lybia@example.com,temp_hash,Lybia,,,2,active,False,1,2025-06-18T16:33:04.389791
67,Maria,maria@example.com,temp_hash,Maria,,,2,active,False,1,2025-06-18T16:33:04.389795
68,Ivan,ivan@example.com,temp_hash,Ivan,,,2,active,False,1,2025-06-18T16:33:04.389800
69,Driss,driss@example.com,temp_hash,Driss,,,2,active,False,1,2025-06-18T16:33:04.389807
70,Analiza,analiza@example.com,temp_hash,Analiza,,,2,active,False,1,2025-06-18T16:33:04.389812
71,Mariola,mariola@example.com,temp_hash,Mariola,,,2,active,False,1,2025-06-18T16:33:04.389816
72,Eumarg,eumarg@example.com,temp_hash,Eumarg,,,2,active,False,1,2025-06-18T16:33:04.389823
73,Christine,christine@example.com,temp_hash,Christine,,,2,active,False,1,2025-06-18T16:33:04.389828
74,Tony,tony@example.com,temp_hash,Tony,,,2,active,False,1,2025-06-18T16:33:04.389833
75,Bryant,bryant@example.com,temp_hash,Bryant,,,2,active,False,1,2025-06-18T16:33:04.389837
76,Feras1975,feras1975@example.com,temp_hash,Feras1975,,,2,active,False,1,2025-06-18T16:33:04.389844
77,Oleg,oleg@example.com,temp_hash,Oleg,,,2,active,False,1,2025-06-18T16:33:04.389849
78,Gavin,gavin@example.com,temp_hash,Gavin,,,2,active,False,1,2025-06-18T16:33:04.389856
79,Erickson,erickson@example.com,temp_hash,Erickson,,,2,active,False,1,2025-06-18T16:33:04.389861
80,Sami,sami@example.com,temp_hash,Sami,,,2,active,False,1,2025-06-18T16:33:04.389868
81,Malcolm,malcolm@example.com,temp_hash,Malcolm,,,2,active,False,1,2025-06-18T16:33:04.389873
82,Minda,minda@example.com,temp_hash,Minda,,,2,active,False,1,2025-06-18T16:33:04.389877
83,Zuko,zuko@example.com,temp_hash,Zuko,,,2,active,False,1,2025-06-18T16:33:04.389882
84,Dina,dina@example.com,temp_hash,Dina,,,2,active,False,1,2025-06-18T16:33:04.389886
85,Samah,samah@example.com,temp_hash,Samah,,,2,active,False,1,2025-06-18T16:33:04.389890
86,Lilangi,lilangi@example.com,temp_hash,Lilangi,,,2,active,False,1,2025-06-18T16:33:04.389895
87,Angela,angela@example.com,temp_hash,Angela,,,2,active,False,1,2025-06-18T16:33:04.389899
88,Sahab,sahab@example.com,temp_hash,Sahab,,,2,active,False,1,2025-06-18T16:33:04.389907
89,Richard,richard@example.com,temp_hash,Richard,,,2,active,False,1,2025-06-18T16:33:04.389911
90,Santanu,santanu@example.com,temp_hash,Santanu,,,2,active,False,1,2025-06-18T16:33:04.389915
91,Nadia,nadia@example.com,temp_hash,Nadia,,,2,active,False,1,2025-06-18T16:33:04.389923
92,Aneta,aneta@example.com,temp_hash,Aneta,,,2,active,False,1,2025-06-18T16:33:04.389928
93,Denise,denise@example.com,temp_hash,Denise,,,2,active,False,1,2025-06-18T16:33:04.389955
94,Menna,menna@example.com,temp_hash,Menna,,,2,active,False,1,2025-06-18T16:33:04.389960
95,Ahmed,ahmed@example.com,temp_hash,Ahmed,,,2,active,False,1,2025-06-18T16:33:04.389966
96,Filippo,filippo@example.com,temp_hash,Filippo,,,2,active,False,1,2025-06-18T16:33:04.389973
97,Beth,beth@example.com,temp_hash,Beth,,,2,active,False,1,2025-06-18T16:33:04.389978
98,Rona,rona@example.com,temp_hash,Rona,,,2,active,False,1,2025-06-18T16:33:04.389982
99,Angus,angus@example.com,temp_hash,Angus,,,2,active,False,1,2025-06-18T16:33:04.389989
100,Judit,judit@example.com,temp_hash,Judit,,,2,active,False,1,2025-06-18T16:33:04.389994
101,Roberto,roberto@example.com,temp_hash,Roberto,,,2,active,False,1,2025-06-18T16:33:04.389998
102,Esteban,esteban@example.com,temp_hash,Esteban,,,2,active,False,1,2025-06-18T16:33:04.390006
103,Michał,michał@example.com,temp_hash,Michał,,,2,active,False,1,2025-06-18T16:33:04.390012
104,Yulia,yulia@example.com,temp_hash,Yulia,,,2,active,False,1,2025-06-18T16:33:04.390016
105,Leanne,leanne@example.com,temp_hash,Leanne,,,2,active,False,1,2025-06-18T16:33:04.390023
106,Jean-philippe,jean-philippe@example.com,temp_hash,Jean-philippe,,,2,active,False,1,2025-06-18T16:33:04.390028
107,Mateusz,mateusz@example.com,temp_hash,Mateusz,,,2,active,False,1,2025-06-18T16:33:04.390033
108,Amyia,amyia@example.com,temp_hash,Amyia,,,2,active,False,1,2025-06-18T16:33:04.390040
109,Traci,traci@example.com,temp_hash,Traci,,,2,active,False,1,2025-06-18T16:33:04.390045
110,Alexandra,alexandra@example.com,temp_hash,Alexandra,,,2,active,False,1,2025-06-18T16:33:04.390058
111,Arben,arben@example.com,temp_hash,Arben,,,2,active,False,1,2025-06-18T16:33:04.390062
112,Ryan,ryan@example.com,temp_hash,Ryan,,,2,active,False,1,2025-06-18T16:33:04.390067
113,Viktoriia,viktoriia@example.com,temp_hash,Viktoriia,,,2,active,False,1,2025-06-18T16:33:04.390074
114,Willie,willie@example.com,temp_hash,Willie,,,2,active,False,1,2025-06-18T16:33:04.390079
115,Leureta,leureta@example.com,temp_hash,Leureta,,,2,active,False,1,2025-06-18T16:33:04.390083
116,Shaun,shaun@example.com,temp_hash,Shaun,,,2,active,False,1,2025-06-18T16:33:04.390090
117,Anth,anth@example.com,temp_hash,Anth,,,2,active,False,1,2025-06-18T16:33:04.390095
118,Ruth,ruth@example.com,temp_hash,Ruth,,,2,active,False,1,2025-06-18T16:33:04.390099
119,Antoinette,antoinette@example.com,temp_hash,Antoinette,,,2,active,False,1,2025-06-18T16:33:04.390103
120,Silvia,silvia@example.com,temp_hash,Silvia,,,2,active,False,1,2025-06-18T16:33:04.390110
121,Mickael,mickael@example.com,temp_hash,Mickael,,,2,active,False,1,2025-06-18T16:33:04.390114
122,Alicia,alicia@example.com,temp_hash,Alicia,,,2,active,False,1,2025-06-18T16:33:04.390127
123,Harshnl,harshnl@example.com,temp_hash,Harshnl,,,2,active,False,1,2025-06-18T16:33:04.390131
124,Irene,irene@example.com,temp_hash,Irene,,,2,active,False,1,2025-06-18T16:33:04.390136
125,Eliaa,eliaa@example.com,temp_hash,Eliaa,,,2,active,False,1,2025-06-18T16:33:04.390143
126,Dominic,dominic@example.com,temp_hash,Dominic,,,2,active,False,1,2025-06-18T16:33:04.390147
127,Francesca,francesca@example.com,temp_hash,Francesca,,,2,active,False,1,2025-06-18T16:33:04.390152
128,Jamil,jamil@example.com,temp_hash,Jamil,,,2,active,False,1,2025-06-18T16:33:04.390156
129,Hanae,hanae@example.com,temp_hash,Hanae,,,2,active,False,1,2025-06-18T16:33:04.390163
130,Alfred,alfred@example.com,temp_hash,Alfred,,,2,active,False,1,2025-06-18T16:33:04.390173
131,Zhivaan,zhivaan@example.com,temp_hash,Zhivaan,,,2,active,False,1,2025-06-18T16:33:04.390177
132,Katherine,katherine@example.com,temp_hash,Katherine,,,2,active,False,1,2025-06-18T16:33:04.390184
133,Jeton,jeton@example.com,temp_hash,Jeton,,,2,active,False,1,2025-06-18T16:33:04.390189
134,Hüseyin,hüseyin@example.com,temp_hash,Hüseyin,,,2,active,False,1,2025-06-18T16:33:04.390194
135,Adil,adil@example.com,temp_hash,Adil,,,2,active,False,1,2025-06-18T16:33:04.390202
136,Bathilde,bathilde@example.com,temp_hash,Bathilde,,,2,active,False,1,2025-06-18T16:33:04.390207
137,Leesel,leesel@example.com,temp_hash,Leesel,,,2,active,False,1,2025-06-18T16:33:04.390211
138,Ron,ron@example.com,temp_hash,Ron,,,2,active,False,1,2025-06-18T16:33:04.390216
139,Samantha,samantha@example.com,temp_hash,Samantha,,,2,active,False,1,2025-06-18T16:33:04.390220
140,Lee,lee@example.com,temp_hash,Lee,,,2,active,False,1,2025-06-18T16:33:04.390225
141,Tim,tim@example.com,temp_hash,Tim,,,2,active,False,1,2025-06-18T16:33:04.390229
142,Simona,simona@example.com,temp_hash,Simona,,,2,active,False,1,2025-06-18T16:33:04.390236
143,Shruti,shruti@example.com,temp_hash,Shruti,,,2,active,False,1,2025-06-18T16:33:04.390241
144,Mladen,mladen@example.com,temp_hash,Mladen,,,2,active,False,1,2025-06-18T16:33:04.390245
145,Glen,glen@example.com,temp_hash,Glen,,,2,active,False,1,2025-06-18T16:33:04.390253
146,Hazel,hazel@example.com,temp_hash,Hazel,,,2,active,False,1,2025-06-18T16:33:04.390257
147,Alina,alina@example.com,temp_hash,Alina,,,2,active,False,1,2025-06-18T16:33:04.390262
148,Marsha,marsha@example.com,temp_hash,Marsha,,,2,active,False,1,2025-06-18T16:33:04.390266
149,Arjun,arjun@example.com,temp_hash,Arjun,,,2,active,False,1,2025-06-18T16:33:04.390270
150,Lindsay,lindsay@example.com,temp_hash,Lindsay,,,2,active,False,1,2025-06-18T16:33:04.390275
151,Hilary,hilary@example.com,temp_hash,Hilary,,,2,active,False,1,2025-06-18T16:33:04.390281
152,Bekim,bekim@example.com,temp_hash,Bekim,,,2,active,False,1,2025-06-18T16:33:04.390286
153,Tina,tina@example.com,temp_hash,Tina,,,2,active,False,1,2025-06-18T16:33:04.390291
154,Shrijith,shrijith@example.com,temp_hash,Shrijith,,,2,active,False,1,2025-06-18T16:33:04.390296
155,Albert,albert@example.com,temp_hash,Albert,,,2,active,False,1,2025-06-18T16:33:04.390300
156,Brandon,brandon@example.com,temp_hash,Brandon,,,2,active,False,1,2025-06-18T16:33:04.390305
157,Riitta,riitta@example.com,temp_hash,Riitta,,,2,active,False,1,2025-06-18T16:33:04.390312
158,Liakat,liakat@example.com,temp_hash,Liakat,,,2,active,False,1,2025-06-18T16:33:04.390316
159,Jean,jean@example.com,temp_hash,Jean,,,2,active,False,1,2025-06-18T16:33:04.390321
160,Cristiana,cristiana@example.com,temp_hash,Cristiana,,,2,active,False,1,2025-06-18T16:33:04.390328
161,Ana,ana@example.com,temp_hash,Ana,,,2,active,False,1,2025-06-18T16:33:04.390333
162,Tripti,tripti@example.com,temp_hash,Tripti,,,2,active,False,1,2025-06-18T16:33:04.390337
163,Caroline,caroline@example.com,temp_hash,Caroline,,,2,active,False,1,2025-06-18T16:33:04.390344
164,Elias,elias@example.com,temp_hash,Elias,,,2,active,False,1,2025-06-18T16:33:04.390348
165,Louise,louise@example.com,temp_hash,Louise,,,2,active,False,1,2025-06-18T16:33:04.390353
166,Rob,rob@example.com,temp_hash,Rob,,,2,active,False,1,2025-06-18T16:33:04.390360
167,Olga,olga@example.com,temp_hash,Olga,,,2,active,False,1,2025-06-18T16:33:04.390365
168,Antonios,antonios@example.com,temp_hash,Antonios,,,2,active,False,1,2025-06-18T16:33:04.390369
169,Nabil,nabil@example.com,temp_hash,Nabil,,,2,active,False,1,2025-06-18T16:33:04.390377
170,Asanda,asanda@example.com,temp_hash,Asanda,,,2,active,False,1,2025-06-18T16:33:04.390381
171,Svane,svane@example.com,temp_hash,Svane,,,2,active,False,1,2025-06-18T16:33:04.390387
172,Kong,kong@example.com,temp_hash,Kong,,,2,active,False,1,2025-06-18T16:33:04.390394
173,Karen,karen@example.com,temp_hash,Karen,,,2,active,False,1,2025-06-18T16:33:04.390399
174,Chetan,chetan@example.com,temp_hash,Chetan,,,2,active,False,1,2025-06-18T16:33:04.390405
175,Vusal,vusal@example.com,temp_hash,Vusal,,,2,active,False,1,2025-06-18T16:33:04.390413
176,Aqeel,aqeel@example.com,temp_hash,Aqeel,,,2,active,False,1,2025-06-18T16:33:04.390417
177,Hamid,hamid@example.com,temp_hash,Hamid,,,2,active,False,1,2025-06-18T16:33:04.390421
178,J,j@example.com,temp_hash,J,,,2,active,False,1,2025-06-18T16:33:04.390429
179,Rosie,rosie@example.com,temp_hash,Rosie,,,2,active,False,1,2025-06-18T16:33:04.390433
180,Muneera,muneera@example.com,temp_hash,Muneera,,,2,active,False,1,2025-06-18T16:33:04.390438
181,Chloe,chloe@example.com,temp_hash,Chloe,,,2,active,False,1,2025-06-18T16:33:04.390443
182,Siobhan,siobhan@example.com,temp_hash,Siobhan,,,2,active,False,1,2025-06-18T16:33:04.390451
183,Elizabeth,elizabeth@example.com,temp_hash,Elizabeth,,,2,active,False,1,2025-06-18T16:33:04.390455
184,Jeremy,jeremy@example.com,temp_hash,Jeremy,,,2,active,False,1,2025-06-18T16:33:04.390460
185,Mary,mary@example.com,temp_hash,Mary,,,2,active,False,1,2025-06-18T16:33:04.390464
186,Emerenchia,emerenchia@example.com,temp_hash,Emerenchia,,,2,active,False,1,2025-06-18T16:33:04.390479
187,Adrian,adrian@example.com,temp_hash,Adrian,,,2,active,False,1,2025-06-18T16:33:04.390486
188,Haddow-flood,haddow-flood@example.com,temp_hash,Haddow-flood,,,2,active,False,1,2025-06-18T16:33:04.390491
189,Kassem,kassem@example.com,temp_hash,Kassem,,,2,active,False,1,2025-06-18T16:33:04.390496
190,Panos,panos@example.com,temp_hash,Panos,,,2,active,False,1,2025-06-18T16:33:04.390500
191,Lorcan,lorcan@example.com,temp_hash,Lorcan,,,2,active,False,1,2025-06-18T16:33:04.390507
192,Rosemary,rosemary@example.com,temp_hash,Rosemary,,,2,active,False,1,2025-06-18T16:33:04.390512
193,Tatiana,tatiana@example.com,temp_hash,Tatiana,,,2,active,False,1,2025-06-18T16:33:04.390523
194,Simone,simone@example.com,temp_hash,Simone,,,2,active,False,1,2025-06-18T16:33:04.390528
195,Suniti,suniti@example.com,temp_hash,Suniti,,,2,active,False,1,2025-06-18T16:33:04.390532
196,Saad,saad@example.com,temp_hash,Saad,,,2,active,False,1,2025-06-18T16:33:04.390539
197,Eithne,eithne@example.com,temp_hash,Eithne,,,2,active,False,1,2025-06-18T16:33:04.390544
198,Athanasios,athanasios@example.com,temp_hash,Athanasios,,,2,active,False,1,2025-06-18T16:33:04.390548
199,Paul,paul@example.com,temp_hash,Paul,,,2,active,False,1,2025-06-18T16:33:04.390556
200,Emily,emily@example.com,temp_hash,Emily,,,2,active,False,1,2025-06-18T16:33:04.390560
201,Arendse,arendse@example.com,temp_hash,Arendse,,,2,active,False,1,2025-06-18T16:33:04.390565
202,Ayush,ayush@example.com,temp_hash,Ayush,,,2,active,False,1,2025-06-18T16:33:04.390573
203,Isabella,isabella@example.com,temp_hash,Isabella,,,2,active,False,1,2025-06-18T16:33:04.390577
204,Mubark,mubark@example.com,temp_hash,Mubark,,,2,active,False,1,2025-06-18T16:33:04.390582
205,Alison,alison@example.com,temp_hash,Alison,,,2,active,False,1,2025-06-18T16:33:04.390589
206,Jackie,jackie@example.com,temp_hash,Jackie,,,2,active,False,1,2025-06-18T16:33:04.390594
207,Zeid,zeid@example.com,temp_hash,Zeid,,,2,active,False,1,2025-06-18T16:33:04.390598
208,Jacqueline,jacqueline@example.com,temp_hash,Jacqueline,,,2,active,False,1,2025-06-18T16:33:04.390603
209,Craig,craig@example.com,temp_hash,Craig,,,2,active,False,1,2025-06-18T16:33:04.390611
210,Catherine,catherine@example.com,temp_hash,Catherine,,,2,active,False,1,2025-06-18T16:33:04.390615
211,Jenny,jenny@example.com,temp_hash,Jenny,,,2,active,False,1,2025-06-18T16:33:04.390620
212,Francisca,francisca@example.com,temp_hash,Francisca,,,2,active,False,1,2025-06-18T16:33:04.390627
213,Houda,houda@example.com,temp_hash,Houda,,,2,active,False,1,2025-06-18T16:33:04.390632
214,Debra,debra@example.com,temp_hash,Debra,,,2,active,False,1,2025-06-18T16:33:04.390636
215,Yasmeen,yasmeen@example.com,temp_hash,Yasmeen,,,2,active,False,1,2025-06-18T16:33:04.390644
216,Ahmad,ahmad@example.com,temp_hash,Ahmad,,,2,active,False,1,2025-06-18T16:33:04.390652
217,Hao,hao@example.com,temp_hash,Hao,,,2,active,False,1,2025-06-18T16:33:04.390656
218,O'donnell,o'donnell@example.com,temp_hash,O'donnell,,,2,active,False,1,2025-06-18T16:33:04.390661
219,Gunendra,gunendra@example.com,temp_hash,Gunendra,,,2,active,False,1,2025-06-18T16:33:04.390668
220,Clive,clive@example.com,temp_hash,Clive,,,2,active,False,1,2025-06-18T16:33:04.390673
221,Raymond,raymond@example.com,temp_hash,Raymond,,,2,active,False,1,2025-06-18T16:33:04.390677
222,Zhigang,zhigang@example.com,temp_hash,Zhigang,,,2,active,False,1,2025-06-18T16:33:04.390685
223,Younous,younous@example.com,temp_hash,Younous,,,2,active,False,1,2025-06-18T16:33:04.390689
224,Ines,ines@example.com,temp_hash,Ines,,,2,active,False,1,2025-06-18T16:33:04.390693
225,Carole,carole@example.com,temp_hash,Carole,,,2,active,False,1,2025-06-18T16:33:04.390701
226,Suus,suus@example.com,temp_hash,Suus,,,2,active,False,1,2025-06-18T16:33:04.390705
227,Isabel,isabel@example.com,temp_hash,Isabel,,,2,active,False,1,2025-06-18T16:33:04.390709
228,Nada,nada@example.com,temp_hash,Nada,,,2,active,False,1,2025-06-18T16:33:04.390717
229,Ghassan,ghassan@example.com,temp_hash,Ghassan,,,2,active,False,1,2025-06-18T16:33:04.390721
230,Yurisha,yurisha@example.com,temp_hash,Yurisha,,,2,active,False,1,2025-06-18T16:33:04.390725
231,Sarah,sarah@example.com,temp_hash,Sarah,,,2,active,False,1,2025-06-18T16:33:04.390733
232,Kyle,kyle@example.com,temp_hash,Kyle,,,2,active,False,1,2025-06-18T16:33:04.390737
233,Swaby,swaby@example.com,temp_hash,Swaby,,,2,active,False,1,2025-06-18T16:33:04.390741
234,George,george@example.com,temp_hash,George,,,2,active,False,1,2025-06-18T16:33:04.390746
235,Abdulaziz,abdulaziz@example.com,temp_hash,Abdulaziz,,,2,active,False,1,2025-06-18T16:33:04.390750
236,Therese,therese@example.com,temp_hash,Therese,,,2,active,False,1,2025-06-18T16:33:04.390758
237,Peggy,peggy@example.com,temp_hash,Peggy,,,2,active,False,1,2025-06-18T16:33:04.390762
238,Dd_belgium,dd_belgium@example.com,temp_hash,Dd_belgium,,,2,active,False,1,2025-06-18T16:33:04.390767
239,Aleksei,aleksei@example.com,temp_hash,Aleksei,,,2,active,False,1,2025-06-18T16:33:04.390771
240,Eastwood,eastwood@example.com,temp_hash,Eastwood,,,2,active,False,1,2025-06-18T16:33:04.390778
241,Inna,inna@example.com,temp_hash,Inna,,,2,active,False,1,2025-06-18T16:33:04.390783
242,Seda,seda@example.com,temp_hash,Seda,,,2,active,False,1,2025-06-18T16:33:04.390790
243,Daniela,daniela@example.com,temp_hash,Daniela,,,2,active,False,1,2025-06-18T16:33:04.390795
244,Mcgill,mcgill@example.com,temp_hash,Mcgill,,,2,active,False,1,2025-06-18T16:33:04.390799
245,Francine,francine@example.com,temp_hash,Francine,,,2,active,False,1,2025-06-18T16:33:04.390804
246,Lili,lili@example.com,temp_hash,Lili,,,2,active,False,1,2025-06-18T16:33:04.390811
247,Gilles,gilles@example.com,temp_hash,Gilles,,,2,active,False,1,2025-06-18T16:33:04.390815
248,Omar,omar@example.com,temp_hash,Omar,,,2,active,False,1,2025-06-18T16:33:04.390819
249,Hassan,hassan@example.com,temp_hash,Hassan,,,2,active,False,1,2025-06-18T16:33:04.390827
250,Zurab,zurab@example.com,temp_hash,Zurab,,,2,active,False,1,2025-06-18T16:33:04.390831
251,Monica,monica@example.com,temp_hash,Monica,,,2,active,False,1,2025-06-18T16:33:04.390836
252,Dieynaba,dieynaba@example.com,temp_hash,Dieynaba,,,2,active,False,1,2025-06-18T16:33:04.390843
253,Brigitte,brigitte@example.com,temp_hash,Brigitte,,,2,active,False,1,2025-06-18T16:33:04.390847
254,Mohammed,mohammed@example.com,temp_hash,Mohammed,,,2,active,False,1,2025-06-18T16:33:04.390852
255,Bernard,bernard@example.com,temp_hash,Bernard,,,2,active,False,1,2025-06-18T16:33:04.390856
256,Sean,sean@example.com,temp_hash,Sean,,,2,active,False,1,2025-06-18T16:33:04.390860
257,Saba,saba@example.com,temp_hash,Saba,,,2,active,False,1,2025-06-18T16:33:04.390865
258,Rabih,rabih@example.com,temp_hash,Rabih,,,2,active,False,1,2025-06-18T16:33:04.390870
259,Sebastiano,sebastiano@example.com,temp_hash,Sebastiano,,,2,active,False,1,2025-06-18T16:33:04.390874
260,Tammy,tammy@example.com,temp_hash,Tammy,,,2,active,False,1,2025-06-18T16:33:04.390879
261,Baris,baris@example.com,temp_hash,Baris,,,2,active,False,1,2025-06-18T16:33:04.390886
262,Hamdi,hamdi@example.com,temp_hash,Hamdi,,,2,active,False,1,2025-06-18T16:33:04.390890
263,Pomesh,pomesh@example.com,temp_hash,Pomesh,,,2,active,False,1,2025-06-18T16:33:04.390895
264,Jacinta,jacinta@example.com,temp_hash,Jacinta,,,2,active,False,1,2025-06-18T16:33:04.390899
265,Dryt,dryt@example.com,temp_hash,Dryt,,,2,active,False,1,2025-06-18T16:33:04.390904
266,Jansen,jansen@example.com,temp_hash,Jansen,,,2,active,False,1,2025-06-18T16:33:04.390908
267,Pilgrim44,pilgrim44@example.com,temp_hash,Pilgrim44,,,2,active,False,1,2025-06-18T16:33:04.390912
268,Penny,penny@example.com,temp_hash,Penny,,,2,active,False,1,2025-06-18T16:33:04.390917
269,Diane,diane@example.com,temp_hash,Diane,,,2,active,False,1,2025-06-18T16:33:04.390921
270,Chambers,chambers@example.com,temp_hash,Chambers,,,2,active,False,1,2025-06-18T16:33:04.390930
271,Anandl,anandl@example.com,temp_hash,Anandl,,,2,active,False,1,2025-06-18T16:33:04.390935
272,Aida,aida@example.com,temp_hash,Aida,,,2,active,False,1,2025-06-18T16:33:04.390939
273,Nelson,nelson@example.com,temp_hash,Nelson,,,2,active,False,1,2025-06-18T16:33:04.390943
274,Sian,sian@example.com,temp_hash,Sian,,,2,active,False,1,2025-06-18T16:33:04.390950
275,Nigel,nigel@example.com,temp_hash,Nigel,,,2,active,False,1,2025-06-18T16:33:04.390954
276,Jackson,jackson@example.com,temp_hash,Jackson,,,2,active,False,1,2025-06-18T16:33:04.390962
277,Odai,odai@example.com,temp_hash,Odai,,,2,active,False,1,2025-06-18T16:33:04.390967
278,Bhuwan,bhuwan@example.com,temp_hash,Bhuwan,,,2,active,False,1,2025-06-18T16:33:04.390971
279,Charaine,charaine@example.com,temp_hash,Charaine,,,2,active,False,1,2025-06-18T16:33:04.390979
280,Grzegorz,grzegorz@example.com,temp_hash,Grzegorz,,,2,active,False,1,2025-06-18T16:33:04.390983
281,Thierno,thierno@example.com,temp_hash,Thierno,,,2,active,False,1,2025-06-18T16:33:04.390988
282,Nayim,nayim@example.com,temp_hash,Nayim,,,2,active,False,1,2025-06-18T16:33:04.391001
283,Helet,helet@example.com,temp_hash,Helet,,,2,active,False,1,2025-06-18T16:33:04.391006
284,Emma,emma@example.com,temp_hash,Emma,,,2,active,False,1,2025-06-18T16:33:04.391013
285,Marina,marina@example.com,temp_hash,Marina,,,2,active,False,1,2025-06-18T16:33:04.391018
286,Lama,lama@example.com,temp_hash,Lama,,,2,active,False,1,2025-06-18T16:33:04.391022
287,Gerry,gerry@example.com,temp_hash,Gerry,,,2,active,False,1,2025-06-18T16:33:04.391026
288,Milad,milad@example.com,temp_hash,Milad,,,2,active,False,1,2025-06-18T16:33:04.391034
289,Govind,govind@example.com,temp_hash,Govind,,,2,active,False,1,2025-06-18T16:33:04.391038
290,Faizah,faizah@example.com,temp_hash,Faizah,,,2,active,False,1,2025-06-18T16:33:04.391043
291,Maureen,maureen@example.com,temp_hash,Maureen,,,2,active,False,1,2025-06-18T16:33:04.391050
292,Mykhaylo,mykhaylo@example.com,temp_hash,Mykhaylo,,,2,active,False,1,2025-06-18T16:33:04.391055
293,Filip,filip@example.com,temp_hash,Filip,,,2,active,False,1,2025-06-18T16:33:04.391059
294,Kathleen,kathleen@example.com,temp_hash,Kathleen,,,2,active,False,1,2025-06-18T16:33:04.391066
295,Andriy,andriy@example.com,temp_hash,Andriy,,,2,active,False,1,2025-06-18T16:33:04.391071
296,Joao,joao@example.com,temp_hash,Joao,,,2,active,False,1,2025-06-18T16:33:04.391075
297,Olo,olo@example.com,temp_hash,Olo,,,2,active,False,1,2025-06-18T16:33:04.391080
298,Anniina,anniina@example.com,temp_hash,Anniina,,,2,active,False,1,2025-06-18T16:33:04.391084
299,Broderick,broderick@example.com,temp_hash,Broderick,,,2,active,False,1,2025-06-18T16:33:04.391088
300,Jack,jack@example.com,temp_hash,Jack,,,2,active,False,1,2025-06-18T16:33:04.391093
301,Bedros,bedros@example.com,temp_hash,Bedros,,,2,active,False,1,2025-06-18T16:33:04.391097
302,Shames,shames@example.com,temp_hash,Shames,,,2,active,False,1,2025-06-18T16:33:04.391101
303,Shahd,shahd@example.com,temp_hash,Shahd,,,2,active,False,1,2025-06-18T16:33:04.391106
304,Erich,erich@example.com,temp_hash,Erich,,,2,active,False,1,2025-06-18T16:33:04.391113
305,Morgan,morgan@example.com,temp_hash,Morgan,,,2,active,False,1,2025-06-18T16:33:04.391118
306,Massimo,massimo@example.com,temp_hash,Massimo,,,2,active,False,1,2025-06-18T16:33:04.391122
307,Karine,karine@example.com,temp_hash,Karine,,,2,active,False,1,2025-06-18T16:33:04.391126
308,Sven,sven@example.com,temp_hash,Sven,,,2,active,False,1,2025-06-18T16:33:04.391133
309,Ai-lin,ai-lin@example.com,temp_hash,Ai-lin,,,2,active,False,1,2025-06-18T16:33:04.391138
310,Leonard,leonard@example.com,temp_hash,Leonard,,,2,active,False,1,2025-06-18T16:33:04.391142
311,Jodie,jodie@example.com,temp_hash,Jodie,,,2,active,False,1,2025-06-18T16:33:04.391150
312,Maryam,maryam@example.com,temp_hash,Maryam,,,2,active,False,1,2025-06-18T16:33:04.391154
313,Michele,michele@example.com,temp_hash,Michele,,,2,active,False,1,2025-06-18T16:33:04.391158
314,Neil,neil@example.com,temp_hash,Neil,,,2,active,False,1,2025-06-18T16:33:04.391166
315,Kieran,kieran@example.com,temp_hash,Kieran,,,2,active,False,1,2025-06-18T16:33:04.391171
316,Alweheab,alweheab@example.com,temp_hash,Alweheab,,,2,active,False,1,2025-06-18T16:33:04.391175
317,Sushma,sushma@example.com,temp_hash,Sushma,,,2,active,False,1,2025-06-18T16:33:04.391182
318,Hanneke,hanneke@example.com,temp_hash,Hanneke,,,2,active,False,1,2025-06-18T16:33:04.391187
319,Sarry,sarry@example.com,temp_hash,Sarry,,,2,active,False,1,2025-06-18T16:33:04.391191
320,Kelly,kelly@example.com,temp_hash,Kelly,,,2,active,False,1,2025-06-18T16:33:04.391195
321,Matteo,matteo@example.com,temp_hash,Matteo,,,2,active,False,1,2025-06-18T16:33:04.391202
322,Saloni,saloni@example.com,temp_hash,Saloni,,,2,active,False,1,2025-06-18T16:33:04.391207
323,Raees,raees@example.com,temp_hash,Raees,,,2,active,False,1,2025-06-18T16:33:04.391217
324,St,st@example.com,temp_hash,St,,,2,active,False,1,2025-06-18T16:33:04.391222
325,Abir,abir@example.com,temp_hash,Abir,,,2,active,False,1,2025-06-18T16:33:04.391227
326,Floriane,floriane@example.com,temp_hash,Floriane,,,2,active,False,1,2025-06-18T16:33:04.391231
327,Sibusiso,sibusiso@example.com,temp_hash,Sibusiso,,,2,active,False,1,2025-06-18T16:33:04.391237
328,Alec,alec@example.com,temp_hash,Alec,,,2,active,False,1,2025-06-18T16:33:04.391241
329,Burak,burak@example.com,temp_hash,Burak,,,2,active,False,1,2025-06-18T16:33:04.391246
330,Elettra,elettra@example.com,temp_hash,Elettra,,,2,active,False,1,2025-06-18T16:33:04.391250
331,Molebogeng,molebogeng@example.com,temp_hash,Molebogeng,,,2,active,False,1,2025-06-18T16:33:04.391263
332,Alice,alice@example.com,temp_hash,Alice,,,2,active,False,1,2025-06-18T16:33:04.391268
333,Nichola,nichola@example.com,temp_hash,Nichola,,,2,active,False,1,2025-06-18T16:33:04.391272
334,Marija,marija@example.com,temp_hash,Marija,,,2,active,False,1,2025-06-18T16:33:04.391277
335,Gillian,gillian@example.com,temp_hash,Gillian,,,2,active,False,1,2025-06-18T16:33:04.391281
336,Lea,lea@example.com,temp_hash,Lea,,,2,active,False,1,2025-06-18T16:33:04.391286
337,Uzma,uzma@example.com,temp_hash,Uzma,,,2,active,False,1,2025-06-18T16:33:04.391290
338,Piotr,piotr@example.com,temp_hash,Piotr,,,2,active,False,1,2025-06-18T16:33:04.391295
339,Jon,jon@example.com,temp_hash,Jon,,,2,active,False,1,2025-06-18T16:33:04.391299
340,Saoirse,saoirse@example.com,temp_hash,Saoirse,,,2,active,False,1,2025-06-18T16:33:04.391304
341,Jeanne,jeanne@example.com,temp_hash,Jeanne,,,2,active,False,1,2025-06-18T16:33:04.391308
342,Martine,martine@example.com,temp_hash,Martine,,,2,active,False,1,2025-06-18T16:33:04.391313
343,Omer,omer@example.com,temp_hash,Omer,,,2,active,False,1,2025-06-18T16:33:04.391317
344,Beverly,beverly@example.com,temp_hash,Beverly,,,2,active,False,1,2025-06-18T16:33:04.391322
345,Katie,katie@example.com,temp_hash,Katie,,,2,active,False,1,2025-06-18T16:33:04.391327
346,Rebecca,rebecca@example.com,temp_hash,Rebecca,,,2,active,False,1,2025-06-18T16:33:04.391331
347,Lynda,lynda@example.com,temp_hash,Lynda,,,2,active,False,1,2025-06-18T16:33:04.391334
348,Giovanni,giovanni@example.com,temp_hash,Giovanni,,,2,active,False,1,2025-06-18T16:33:04.391338
349,Umutsan,umutsan@example.com,temp_hash,Umutsan,,,2,active,False,1,2025-06-18T16:33:04.391341
350,Borislav,borislav@example.com,temp_hash,Borislav,,,2,active,False,1,2025-06-18T16:33:04.391345
351,Saylieva,saylieva@example.com,temp_hash,Saylieva,,,2,active,False,1,2025-06-18T16:33:04.391348
352,Mfp15,mfp15@example.com,temp_hash,Mfp15,,,2,active,False,1,2025-06-18T16:33:04.391352
353,Evangelos,evangelos@example.com,temp_hash,Evangelos,,,2,active,False,1,2025-06-18T16:33:04.391356
354,Glenn,glenn@example.com,temp_hash,Glenn,,,2,active,False,1,2025-06-18T16:33:04.391359
355,Ileana,ileana@example.com,temp_hash,Ileana,,,2,active,False,1,2025-06-18T16:33:04.391363
356,Peter,peter@example.com,temp_hash,Peter,,,2,active,False,1,2025-06-18T16:33:04.391366
357,Dor,dor@example.com,temp_hash,Dor,,,2,active,False,1,2025-06-18T16:33:04.391370
358,Abdul,abdul@example.com,temp_hash,Abdul,,,2,active,False,1,2025-06-18T16:33:04.391373
359,Lorraine,lorraine@example.com,temp_hash,Lorraine,,,2,active,False,1,2025-06-18T16:33:04.391376
360,Shona,shona@example.com,temp_hash,Shona,,,2,active,False,1,2025-06-18T16:33:04.391380
361,Rosa,rosa@example.com,temp_hash,Rosa,,,2,active,False,1,2025-06-18T16:33:04.391383
362,António,antónio@example.com,temp_hash,António,,,2,active,False,1,2025-06-18T16:33:04.391387
363,Pierre,pierre@example.com,temp_hash,Pierre,,,2,active,False,1,2025-06-18T16:33:04.391391
364,Ante,ante@example.com,temp_hash,Ante,,,2,active,False,1,2025-06-18T16:33:04.391394
365,Khadija,khadija@example.com,temp_hash,Khadija,,,2,active,False,1,2025-06-18T16:33:04.391398
366,Nzwaki,nzwaki@example.com,temp_hash,Nzwaki,,,2,active,False,1,2025-06-18T16:33:04.391402
367,Janet,janet@example.com,temp_hash,Janet,,,2,active,False,1,2025-06-18T16:33:04.391406
368,Tess,tess@example.com,temp_hash,Tess,,,2,active,False,1,2025-06-18T16:33:04.391410
369,Norman,norman@example.com,temp_hash,Norman,,,2,active,False,1,2025-06-18T16:33:04.391413
370,Jane,jane@example.com,temp_hash,Jane,,,2,active,False,1,2025-06-18T16:33:04.391430
371,Laurynas,laurynas@example.com,temp_hash,Laurynas,,,2,active,False,1,2025-06-18T16:33:04.391434
372,Ann-kathrin,ann-kathrin@example.com,temp_hash,Ann-kathrin,,,2,active,False,1,2025-06-18T16:33:04.391438
373,Deepa,deepa@example.com,temp_hash,Deepa,,,2,active,False,1,2025-06-18T16:33:04.391442
374,Amie,amie@example.com,temp_hash,Amie,,,2,active,False,1,2025-06-18T16:33:04.391446
375,Cheryl,cheryl@example.com,temp_hash,Cheryl,,,2,active,False,1,2025-06-18T16:33:04.391449
376,Carl,carl@example.com,temp_hash,Carl,,,2,active,False,1,2025-06-18T16:33:04.391453
377,Paolo,paolo@example.com,temp_hash,Paolo,,,2,active,False,1,2025-06-18T16:33:04.391456
378,Nóra,nóra@example.com,temp_hash,Nóra,,,2,active,False,1,2025-06-18T16:33:04.391460
379,Benjamin,benjamin@example.com,temp_hash,Benjamin,,,2,active,False,1,2025-06-18T16:33:04.391464
380,Dorothee,dorothee@example.com,temp_hash,Dorothee,,,2,active,False,1,2025-06-18T16:33:04.391467
381,Gheorghiu,gheorghiu@example.com,temp_hash,Gheorghiu,,,2,active,False,1,2025-06-18T16:33:04.391471
382,Andrei,andrei@example.com,temp_hash,Andrei,,,2,active,False,1,2025-06-18T16:33:04.391474
383,Geralda,geralda@example.com,temp_hash,Geralda,,,2,active,False,1,2025-06-18T16:33:04.391478
384,Nicole,nicole@example.com,temp_hash,Nicole,,,2,active,False,1,2025-06-18T16:33:04.391481
385,Rae,rae@example.com,temp_hash,Rae,,,2,active,False,1,2025-06-18T16:33:04.391485
386,Katarina,katarina@example.com,temp_hash,Katarina,,,2,active,False,1,2025-06-18T16:33:04.391488
387,Kimberly,kimberly@example.com,temp_hash,Kimberly,,,2,active,False,1,2025-06-18T16:33:04.391493
388,Sherif,sherif@example.com,temp_hash,Sherif,,,2,active,False,1,2025-06-18T16:33:04.391497
389,Zahra,zahra@example.com,temp_hash,Zahra,,,2,active,False,1,2025-06-18T16:33:04.391500
390,Chadi,chadi@example.com,temp_hash,Chadi,,,2,active,False,1,2025-06-18T16:33:04.391504
391,Arjan,arjan@example.com,temp_hash,Arjan,,,2,active,False,1,2025-06-18T16:33:04.391507
392,Damian,damian@example.com,temp_hash,Damian,,,2,active,False,1,2025-06-18T16:33:04.391511
393,Charisco,charisco@example.com,temp_hash,Charisco,,,2,active,False,1,2025-06-18T16:33:04.391515
394,Andre,andre@example.com,temp_hash,Andre,,,2,active,False,1,2025-06-18T16:33:04.391518
395,Patrycja,patrycja@example.com,temp_hash,Patrycja,,,2,active,False,1,2025-06-18T16:33:04.391522
396,Matthew,matthew@example.com,temp_hash,Matthew,,,2,active,False,1,2025-06-18T16:33:04.391525
397,Willem,willem@example.com,temp_hash,Willem,,,2,active,False,1,2025-06-18T16:33:04.391535
398,Pawel,pawel@example.com,temp_hash,Pawel,,,2,active,False,1,2025-06-18T16:33:04.391539
399,Gehad,gehad@example.com,temp_hash,Gehad,,,2,active,False,1,2025-06-18T16:33:04.391543
400,Mhd,mhd@example.com,temp_hash,Mhd,,,2,active,False,1,2025-06-18T16:33:04.391547
401,Issabella,issabella@example.com,temp_hash,Issabella,,,2,active,False,1,2025-06-18T16:33:04.391550
402,Hani,hani@example.com,temp_hash,Hani,,,2,active,False,1,2025-06-18T16:33:04.391557
403,Elmira,elmira@example.com,temp_hash,Elmira,,,2,active,False,1,2025-06-18T16:33:04.391560
404,Elaine,elaine@example.com,temp_hash,Elaine,,,2,active,False,1,2025-06-18T16:33:04.391564
405,Cassandre,cassandre@example.com,temp_hash,Cassandre,,,2,active,False,1,2025-06-18T16:33:04.391567
406,Hakan,hakan@example.com,temp_hash,Hakan,,,2,active,False,1,2025-06-18T16:33:04.391571
407,Andrzej,andrzej@example.com,temp_hash,Andrzej,,,2,active,False,1,2025-06-18T16:33:04.391574
408,Sheena,sheena@example.com,temp_hash,Sheena,,,2,active,False,1,2025-06-18T16:33:04.391578
409,Sandra,sandra@example.com,temp_hash,Sandra,,,2,active,False,1,2025-06-18T16:33:04.391581
410,Mayasol,mayasol@example.com,temp_hash,Mayasol,,,2,active,False,1,2025-06-18T16:33:04.391584
411,Lorna,lorna@example.com,temp_hash,Lorna,,,2,active,False,1,2025-06-18T16:33:04.391588
412,עידן,עידן@example.com,temp_hash,עידן,,,2,active,False,1,2025-06-18T16:33:04.391592
413,Vitalij,vitalij@example.com,temp_hash,Vitalij,,,2,active,False,1,2025-06-18T16:33:04.391596
414,Rhea,rhea@example.com,temp_hash,Rhea,,,2,active,False,1,2025-06-18T16:33:04.391599
415,Heda,heda@example.com,temp_hash,Heda,,,2,active,False,1,2025-06-18T16:33:04.391603
416,Tayga_,tayga_@example.com,temp_hash,Tayga_,,,2,active,False,1,2025-06-18T16:33:04.391606
417,Deborah,deborah@example.com,temp_hash,Deborah,,,2,active,False,1,2025-06-18T16:33:04.391613
418,Volkan,volkan@example.com,temp_hash,Volkan,,,2,active,False,1,2025-06-18T16:33:04.391616
419,Wafa,wafa@example.com,temp_hash,Wafa,,,2,active,False,1,2025-06-18T16:33:04.391620
420,Penelope,penelope@example.com,temp_hash,Penelope,,,2,active,False,1,2025-06-18T16:33:04.391623
421,Olena,olena@example.com,temp_hash,Olena,,,2,active,False,1,2025-06-18T16:33:04.391627
422,Samadi,samadi@example.com,temp_hash,Samadi,,,2,active,False,1,2025-06-18T16:33:04.391630
423,Ciara,ciara@example.com,temp_hash,Ciara,,,2,active,False,1,2025-06-18T16:33:04.391634
424,Barry,barry@example.com,temp_hash,Barry,,,2,active,False,1,2025-06-18T16:33:04.391637
425,Eva,eva@example.com,temp_hash,Eva,,,2,active,False,1,2025-06-18T16:33:04.391641
426,Felipe,felipe@example.com,temp_hash,Felipe,,,2,active,False,1,2025-06-18T16:33:04.391644
427,Derric,derric@example.com,temp_hash,Derric,,,2,active,False,1,2025-06-18T16:33:04.391648
428,Nicolas,nicolas@example.com,temp_hash,Nicolas,,,2,active,False,1,2025-06-18T16:33:04.391651
429,Claire,claire@example.com,temp_hash,Claire,,,2,active,False,1,2025-06-18T16:33:04.391655
430,Nikolaos,nikolaos@example.com,temp_hash,Nikolaos,,,2,active,False,1,2025-06-18T16:33:04.391658
431,Varvara,varvara@example.com,temp_hash,Varvara,,,2,active,False,1,2025-06-18T16:33:04.391662
432,Naomi,naomi@example.com,temp_hash,Naomi,,,2,active,False,1,2025-06-18T16:33:04.391665
433,Nadine,nadine@example.com,temp_hash,Nadine,,,2,active,False,1,2025-06-18T16:33:04.391668
434,Kitrina,kitrina@example.com,temp_hash,Kitrina,,,2,active,False,1,2025-06-18T16:33:04.391672
435,Carrie,carrie@example.com,temp_hash,Carrie,,,2,active,False,1,2025-06-18T16:33:04.391675
436,Herve,herve@example.com,temp_hash,Herve,,,2,active,False,1,2025-06-18T16:33:04.391679
437,Faycal,faycal@example.com,temp_hash,Faycal,,,2,active,False,1,2025-06-18T16:33:04.391682
438,Jessica,jessica@example.com,temp_hash,Jessica,,,2,active,False,1,2025-06-18T16:33:04.391686
439,Hany,hany@example.com,temp_hash,Hany,,,2,active,False,1,2025-06-18T16:33:04.391689
440,Zhuo,zhuo@example.com,temp_hash,Zhuo,,,2,active,False,1,2025-06-18T16:33:04.391693
441,Karamveer,karamveer@example.com,temp_hash,Karamveer,,,2,active,False,1,2025-06-18T16:33:04.391696
442,Nicholas,nicholas@example.com,temp_hash,Nicholas,,,2,active,False,1,2025-06-18T16:33:04.391699
443,Dekheel,dekheel@example.com,temp_hash,Dekheel,,,2,active,False,1,2025-06-18T16:33:04.391703
444,Musab,musab@example.com,temp_hash,Musab,,,2,active,False,1,2025-06-18T16:33:04.391707
445,Prem,prem@example.com,temp_hash,Prem,,,2,active,False,1,2025-06-18T16:33:04.391713
446,Rose,rose@example.com,temp_hash,Rose,,,2,active,False,1,2025-06-18T16:33:04.391717
447,Douglas,douglas@example.com,temp_hash,Douglas,,,2,active,False,1,2025-06-18T16:33:04.391720
448,Taha,taha@example.com,temp_hash,Taha,,,2,active,False,1,2025-06-18T16:33:04.391724
449,Gabriel,gabriel@example.com,temp_hash,Gabriel,,,2,active,False,1,2025-06-18T16:33:04.391727
450,Laura,laura@example.com,temp_hash,Laura,,,2,active,False,1,2025-06-18T16:33:04.391731
451,María,maría@example.com,temp_hash,María,,,2,active,False,1,2025-06-18T16:33:04.391744
452,Rex,rex@example.com,temp_hash,Rex,,,2,active,False,1,2025-06-18T16:33:04.391748
453,Debbie,debbie@example.com,temp_hash,Debbie,,,2,active,False,1,2025-06-18T16:33:04.391751
454,Bee,bee@example.com,temp_hash,Bee,,,2,active,False,1,2025-06-18T16:33:04.391755
455,Hui,hui@example.com,temp_hash,Hui,,,2,active,False,1,2025-06-18T16:33:04.391759
456,Gemma,gemma@example.com,temp_hash,Gemma,,,2,active,False,1,2025-06-18T16:33:04.391762
457,Barker,barker@example.com,temp_hash,Barker,,,2,active,False,1,2025-06-18T16:33:04.391765
458,Azza,azza@example.com,temp_hash,Azza,,,2,active,False,1,2025-06-18T16:33:04.391769
459,Ksymena,ksymena@example.com,temp_hash,Ksymena,,,2,active,False,1,2025-06-18T16:33:04.391772
460,Kathryn,kathryn@example.com,temp_hash,Kathryn,,,2,active,False,1,2025-06-18T16:33:04.391776
461,Pincat,pincat@example.com,temp_hash,Pincat,,,2,active,False,1,2025-06-18T16:33:04.391779
462,Ajmal,ajmal@example.com,temp_hash,Ajmal,,,2,active,False,1,2025-06-18T16:33:04.391783
463,Susan,susan@example.com,temp_hash,Susan,,,2,active,False,1,2025-06-18T16:33:04.391786
464,Olamide,olamide@example.com,temp_hash,Olamide,,,2,active,False,1,2025-06-18T16:33:04.391789
465,Me,me@example.com,temp_hash,Me,,,2,active,False,1,2025-06-18T16:33:04.391793
466,Toni,toni@example.com,temp_hash,Toni,,,2,active,False,1,2025-06-18T16:33:04.391796
467,Kulkarni,kulkarni@example.com,temp_hash,Kulkarni,,,2,active,False,1,2025-06-18T16:33:04.391800
468,Iftah,iftah@example.com,temp_hash,Iftah,,,2,active,False,1,2025-06-18T16:33:04.391803
469,Alaa,alaa@example.com,temp_hash,Alaa,,,2,active,False,1,2025-06-18T16:33:04.391807
470,Jennifer,jennifer@example.com,temp_hash,Jennifer,,,2,active,False,1,2025-06-18T16:33:04.391810
471,Tarek,tarek@example.com,temp_hash,Tarek,,,2,active,False,1,2025-06-18T16:33:04.391814
472,Regiane,regiane@example.com,temp_hash,Regiane,,,2,active,False,1,2025-06-18T16:33:04.391817
473,Ali,ali@example.com,temp_hash,Ali,,,2,active,False,1,2025-06-18T16:33:04.391821
474,Gabriela,gabriela@example.com,temp_hash,Gabriela,,,2,active,False,1,2025-06-18T16:33:04.391827
475,Takalani,takalani@example.com,temp_hash,Takalani,,,2,active,False,1,2025-06-18T16:33:04.391830
476,Mervyn,mervyn@example.com,temp_hash,Mervyn,,,2,active,False,1,2025-06-18T16:33:04.391838
477,Belchior,belchior@example.com,temp_hash,Belchior,,,2,active,False,1,2025-06-18T16:33:04.391841
478,Choo,choo@example.com,temp_hash,Choo,,,2,active,False,1,2025-06-18T16:33:04.391845
479,Aswini,aswini@example.com,temp_hash,Aswini,,,2,active,False,1,2025-06-18T16:33:04.391848
480,Michelle,michelle@example.com,temp_hash,Michelle,,,2,active,False,1,2025-06-18T16:33:04.391855
481,Louis-felix,louis-felix@example.com,temp_hash,Louis-felix,,,2,active,False,1,2025-06-18T16:33:04.391858
482,Alan,alan@example.com,temp_hash,Alan,,,2,active,False,1,2025-06-18T16:33:04.391862
483,Cuban_trogon,cuban_trogon@example.com,temp_hash,Cuban_trogon,,,2,active,False,1,2025-06-18T16:33:04.391866
484,Liubov,liubov@example.com,temp_hash,Liubov,,,2,active,False,1,2025-06-18T16:33:04.391869
485,Davor67,davor67@example.com,temp_hash,Davor67,,,2,active,False,1,2025-06-18T16:33:04.391875
486,Mag,mag@example.com,temp_hash,Mag,,,2,active,False,1,2025-06-18T16:33:04.391879
487,John,john@example.com,temp_hash,John,,,2,active,False,1,2025-06-18T16:33:04.391882
488,Juilung,juilung@example.com,temp_hash,Juilung,,,2,active,False,1,2025-06-18T16:33:04.391885
489,Sari,sari@example.com,temp_hash,Sari,,,2,active,False,1,2025-06-18T16:33:04.391889
490,Rohini,rohini@example.com,temp_hash,Rohini,,,2,active,False,1,2025-06-18T16:33:04.391895
491,Mehak,mehak@example.com,temp_hash,Mehak,,,2,active,False,1,2025-06-18T16:33:04.391899
492,Nirja,nirja@example.com,temp_hash,Nirja,,,2,active,False,1,2025-06-18T16:33:04.391902
493,Sesethu,sesethu@example.com,temp_hash,Sesethu,,,2,active,False,1,2025-06-18T16:33:04.391906
494,Thanaa,thanaa@example.com,temp_hash,Thanaa,,,2,active,False,1,2025-06-18T16:33:04.391909
495,Sharifa,sharifa@example.com,temp_hash,Sharifa,,,2,active,False,1,2025-06-18T16:33:04.391915
496,Marie-eve,marie-eve@example.com,temp_hash,Marie-eve,,,2,active,False,1,2025-06-18T16:33:04.391919
497,Nasima,nasima@example.com,temp_hash,Nasima,,,2,active,False,1,2025-06-18T16:33:04.391922
498,Mawada,mawada@example.com,temp_hash,Mawada,,,2,active,False,1,2025-06-18T16:33:04.391926
499,Jacek,jacek@example.com,temp_hash,Jacek,,,2,active,False,1,2025-06-18T16:33:04.391932
500,Marike,marike@example.com,temp_hash,Marike,,,2,active,False,1,2025-06-18T16:33:04.391936
501,Sharma,sharma@example.com,temp_hash,Sharma,,,2,active,False,1,2025-06-18T16:33:04.391939
502,Dirk,dirk@example.com,temp_hash,Dirk,,,2,active,False,1,2025-06-18T16:33:04.391943
503,Andreea,andreea@example.com,temp_hash,Andreea,,,2,active,False,1,2025-06-18T16:33:04.391946
504,Owen,owen@example.com,temp_hash,Owen,,,2,active,False,1,2025-06-18T16:33:04.391954
505,Jeff,jeff@example.com,temp_hash,Jeff,,,2,active,False,1,2025-06-18T16:33:04.391957
506,Pushkar,pushkar@example.com,temp_hash,Pushkar,,,2,active,False,1,2025-06-18T16:33:04.391961
507,Nabukeera,nabukeera@example.com,temp_hash,Nabukeera,,,2,active,False,1,2025-06-18T16:33:04.391964
508,Teresa,teresa@example.com,temp_hash,Teresa,,,2,active,False,1,2025-06-18T16:33:04.391971
509,Shady,shady@example.com,temp_hash,Shady,,,2,active,False,1,2025-06-18T16:33:04.391975
510,Joshita,joshita@example.com,temp_hash,Joshita,,,2,active,False,1,2025-06-18T16:33:04.391978
511,Hania,hania@example.com,temp_hash,Hania,,,2,active,False,1,2025-06-18T16:33:04.391981
512,Stephen,stephen@example.com,temp_hash,Stephen,,,2,active,False,1,2025-06-18T16:33:04.391988
513,Chineida,chineida@example.com,temp_hash,Chineida,,,2,active,False,1,2025-06-18T16:33:04.391991
514,Fadel,fadel@example.com,temp_hash,Fadel,,,2,active,False,1,2025-06-18T16:33:04.391995
515,Ben,ben@example.com,temp_hash,Ben,,,2,active,False,1,2025-06-18T16:33:04.391998
516,Luisa,luisa@example.com,temp_hash,Luisa,,,2,active,False,1,2025-06-18T16:33:04.392005
517,Jenni,jenni@example.com,temp_hash,Jenni,,,2,active,False,1,2025-06-18T16:33:04.392008
518,Allison,allison@example.com,temp_hash,Allison,,,2,active,False,1,2025-06-18T16:33:04.392012
519,Eunice,eunice@example.com,temp_hash,Eunice,,,2,active,False,1,2025-06-18T16:33:04.392015
520,Nonceba,nonceba@example.com,temp_hash,Nonceba,,,2,active,False,1,2025-06-18T16:33:04.392022
521,Rowena,rowena@example.com,temp_hash,Rowena,,,2,active,False,1,2025-06-18T16:33:04.392025
522,Cristina,cristina@example.com,temp_hash,Cristina,,,2,active,False,1,2025-06-18T16:33:04.392033
523,Nina,nina@example.com,temp_hash,Nina,,,2,active,False,1,2025-06-18T16:33:04.392037
524,Badreddine,badreddine@example.com,temp_hash,Badreddine,,,2,active,False,1,2025-06-18T16:33:04.392040
525,Musonda,musonda@example.com,temp_hash,Musonda,,,2,active,False,1,2025-06-18T16:33:04.392044
526,Amir,amir@example.com,temp_hash,Amir,,,2,active,False,1,2025-06-18T16:33:04.392047
527,Lizelle,lizelle@example.com,temp_hash,Lizelle,,,2,active,False,1,2025-06-18T16:33:04.392055
528,Chigabo,chigabo@example.com,temp_hash,Chigabo,,,2,active,False,1,2025-06-18T16:33:04.392058
529,Melanie,melanie@example.com,temp_hash,Melanie,,,2,active,False,1,2025-06-18T16:33:04.392062
530,Ke,ke@example.com,temp_hash,Ke,,,2,active,False,1,2025-06-18T16:33:04.392066
531,Fiona,fiona@example.com,temp_hash,Fiona,,,2,active,False,1,2025-06-18T16:33:04.392072
532,Hugo,hugo@example.com,temp_hash,Hugo,,,2,active,False,1,2025-06-18T16:33:04.392075
533,Suzanne,suzanne@example.com,temp_hash,Suzanne,,,2,active,False,1,2025-06-18T16:33:04.392079
534,Linda,linda@example.com,temp_hash,Linda,,,2,active,False,1,2025-06-18T16:33:04.392083
535,Makki,makki@example.com,temp_hash,Makki,,,2,active,False,1,2025-06-18T16:33:04.392086
536,Fabio,fabio@example.com,temp_hash,Fabio,,,2,active,False,1,2025-06-18T16:33:04.392090
537,Trevor,trevor@example.com,temp_hash,Trevor,,,2,active,False,1,2025-06-18T16:33:04.392094
538,Vasilios,vasilios@example.com,temp_hash,Vasilios,,,2,active,False,1,2025-06-18T16:33:04.392098
539,Meca,meca@example.com,temp_hash,Meca,,,2,active,False,1,2025-06-18T16:33:04.392101
540,Fatima,fatima@example.com,temp_hash,Fatima,,,2,active,False,1,2025-06-18T16:33:04.392108
541,Jayson,jayson@example.com,temp_hash,Jayson,,,2,active,False,1,2025-06-18T16:33:04.392112
542,Assif,assif@example.com,temp_hash,Assif,,,2,active,False,1,2025-06-18T16:33:04.392116
543,Narayanan,narayanan@example.com,temp_hash,Narayanan,,,2,active,False,1,2025-06-18T16:33:04.392119
544,Jakub,jakub@example.com,temp_hash,Jakub,,,2,active,False,1,2025-06-18T16:33:04.392123
545,T,t@example.com,temp_hash,T,,,2,active,False,1,2025-06-18T16:33:04.392129
546,Lina,lina@example.com,temp_hash,Lina,,,2,active,False,1,2025-06-18T16:33:04.392133
547,Keeshia,keeshia@example.com,temp_hash,Keeshia,,,2,active,False,1,2025-06-18T16:33:04.392136
548,Renald,renald@example.com,temp_hash,Renald,,,2,active,False,1,2025-06-18T16:33:04.392140
549,Lyndsay,lyndsay@example.com,temp_hash,Lyndsay,,,2,active,False,1,2025-06-18T16:33:04.392144
550,Jake,jake@example.com,temp_hash,Jake,,,2,active,False,1,2025-06-18T16:33:04.392167
551,Ihron,ihron@example.com,temp_hash,Ihron,,,2,active,False,1,2025-06-18T16:33:04.392171
552,Mildred,mildred@example.com,temp_hash,Mildred,,,2,active,False,1,2025-06-18T16:33:04.392174
553,Buki,buki@example.com,temp_hash,Buki,,,2,active,False,1,2025-06-18T16:33:04.392178
554,Karlo,karlo@example.com,temp_hash,Karlo,,,2,active,False,1,2025-06-18T16:33:04.392181
555,Cindy,cindy@example.com,temp_hash,Cindy,,,2,active,False,1,2025-06-18T16:33:04.392188
556,Trautmann,trautmann@example.com,temp_hash,Trautmann,,,2,active,False,1,2025-06-18T16:33:04.392191
557,Trudy,trudy@example.com,temp_hash,Trudy,,,2,active,False,1,2025-06-18T16:33:04.392195
558,Parushinee,parushinee@example.com,temp_hash,Parushinee,,,2,active,False,1,2025-06-18T16:33:04.392199
559,Sara,sara@example.com,temp_hash,Sara,,,2,active,False,1,2025-06-18T16:33:04.392202
560,Navendu,navendu@example.com,temp_hash,Navendu,,,2,active,False,1,2025-06-18T16:33:04.392209
561,Ramez,ramez@example.com,temp_hash,Ramez,,,2,active,False,1,2025-06-18T16:33:04.392212
562,Menene,menene@example.com,temp_hash,Menene,,,2,active,False,1,2025-06-18T16:33:04.392216
563,Perry,perry@example.com,temp_hash,Perry,,,2,active,False,1,2025-06-18T16:33:04.392219
564,Guenter,guenter@example.com,temp_hash,Guenter,,,2,active,False,1,2025-06-18T16:33:04.392226
565,Mrs,mrs@example.com,temp_hash,Mrs,,,2,active,False,1,2025-06-18T16:33:04.392229
566,Reginald,reginald@example.com,temp_hash,Reginald,,,2,active,False,1,2025-06-18T16:33:04.392233
567,Sally,sally@example.com,temp_hash,Sally,,,2,active,False,1,2025-06-18T16:33:04.392236
568,Jill,jill@example.com,temp_hash,Jill,,,2,active,False,1,2025-06-18T16:33:04.392243
569,Patrice,patrice@example.com,temp_hash,Patrice,,,2,active,False,1,2025-06-18T16:33:04.392246
570,Tzveta,tzveta@example.com,temp_hash,Tzveta,,,2,active,False,1,2025-06-18T16:33:04.392249
571,Amanda,amanda@example.com,temp_hash,Amanda,,,2,active,False,1,2025-06-18T16:33:04.392253
572,Nicolette,nicolette@example.com,temp_hash,Nicolette,,,2,active,False,1,2025-06-18T16:33:04.392259
573,Andries,andries@example.com,temp_hash,Andries,,,2,active,False,1,2025-06-18T16:33:04.392263
574,Thamer,thamer@example.com,temp_hash,Thamer,,,2,active,False,1,2025-06-18T16:33:04.392267
575,Vasiliki,vasiliki@example.com,temp_hash,Vasiliki,,,2,active,False,1,2025-06-18T16:33:04.392271
576,Khalid,khalid@example.com,temp_hash,Khalid,,,2,active,False,1,2025-06-18T16:33:04.392277
577,Danish,danish@example.com,temp_hash,Danish,,,2,active,False,1,2025-06-18T16:33:04.392281
578,Gwen,gwen@example.com,temp_hash,Gwen,,,2,active,False,1,2025-06-18T16:33:04.392284
579,Derek,derek@example.com,temp_hash,Derek,,,2,active,False,1,2025-06-18T16:33:04.392288
580,Kalain,kalain@example.com,temp_hash,Kalain,,,2,active,False,1,2025-06-18T16:33:04.392292
581,Hongyan,hongyan@example.com,temp_hash,Hongyan,,,2,active,False,1,2025-06-18T16:33:04.392295
582,Bassam,bassam@example.com,temp_hash,Bassam,,,2,active,False,1,2025-06-18T16:33:04.392299
583,Sergio,sergio@example.com,temp_hash,Sergio,,,2,active,False,1,2025-06-18T16:33:04.392302
584,Nolita,nolita@example.com,temp_hash,Nolita,,,2,active,False,1,2025-06-18T16:33:04.392306
585,Zheng,zheng@example.com,temp_hash,Zheng,,,2,active,False,1,2025-06-18T16:33:04.392311
586,Sue,sue@example.com,temp_hash,Sue,,,2,active,False,1,2025-06-18T16:33:04.392318
587,Hanadi,hanadi@example.com,temp_hash,Hanadi,,,2,active,False,1,2025-06-18T16:33:04.392321
588,Pm,pm@example.com,temp_hash,Pm,,,2,active,False,1,2025-06-18T16:33:04.392325
589,Martin,martin@example.com,temp_hash,Martin,,,2,active,False,1,2025-06-18T16:33:04.392328
590,Pumza,pumza@example.com,temp_hash,Pumza,,,2,active,False,1,2025-06-18T16:33:04.392332
591,Rasheed,rasheed@example.com,temp_hash,Rasheed,,,2,active,False,1,2025-06-18T16:33:04.392338
592,Gokhan,gokhan@example.com,temp_hash,Gokhan,,,2,active,False,1,2025-06-18T16:33:04.392341
593,Miriam,miriam@example.com,temp_hash,Miriam,,,2,active,False,1,2025-06-18T16:33:04.392345
594,Edward,edward@example.com,temp_hash,Edward,,,2,active,False,1,2025-06-18T16:33:04.392354
595,Hayley,hayley@example.com,temp_hash,Hayley,,,2,active,False,1,2025-06-18T16:33:04.392357
596,Micu,micu@example.com,temp_hash,Micu,,,2,active,False,1,2025-06-18T16:33:04.392361
597,Clara,clara@example.com,temp_hash,Clara,,,2,active,False,1,2025-06-18T16:33:04.392364
598,Micha,micha@example.com,temp_hash,Micha,,,2,active,False,1,2025-06-18T16:33:04.392367
599,Sheri,sheri@example.com,temp_hash,Sheri,,,2,active,False,1,2025-06-18T16:33:04.392371
600,Catalin,catalin@example.com,temp_hash,Catalin,,,2,active,False,1,2025-06-18T16:33:04.392377
601,Mahitab,mahitab@example.com,temp_hash,Mahitab,,,2,active,False,1,2025-06-18T16:33:04.392381
602,Grigore,grigore@example.com,temp_hash,Grigore,,,2,active,False,1,2025-06-18T16:33:04.392385
603,Klein,klein@example.com,temp_hash,Klein,,,2,active,False,1,2025-06-18T16:33:04.392388
604,Jim,jim@example.com,temp_hash,Jim,,,2,active,False,1,2025-06-18T16:33:04.392394
605,Pam,pam@example.com,temp_hash,Pam,,,2,active,False,1,2025-06-18T16:33:04.392398
606,Carol,carol@example.com,temp_hash,Carol,,,2,active,False,1,2025-06-18T16:33:04.392402
607,Cyril,cyril@example.com,temp_hash,Cyril,,,2,active,False,1,2025-06-18T16:33:04.392405
608,Yogesh,yogesh@example.com,temp_hash,Yogesh,,,2,active,False,1,2025-06-18T16:33:04.392409
609,Naweed,naweed@example.com,temp_hash,Naweed,,,2,active,False,1,2025-06-18T16:33:04.392413
610,Dimitri,dimitri@example.com,temp_hash,Dimitri,,,2,active,False,1,2025-06-18T16:33:04.392416
611,Wiel,wiel@example.com,temp_hash,Wiel,,,2,active,False,1,2025-06-18T16:33:04.392419
612,Oded,oded@example.com,temp_hash,Oded,,,2,active,False,1,2025-06-18T16:33:04.392427
613,Katarzyna,katarzyna@example.com,temp_hash,Katarzyna,,,2,active,False,1,2025-06-18T16:33:04.392430
614,Eduard,eduard@example.com,temp_hash,Eduard,,,2,active,False,1,2025-06-18T16:33:04.392434
615,Miko,miko@example.com,temp_hash,Miko,,,2,active,False,1,2025-06-18T16:33:04.392437
616,Ornella,ornella@example.com,temp_hash,Ornella,,,2,active,False,1,2025-06-18T16:33:04.392441
617,Ivor,ivor@example.com,temp_hash,Ivor,,,2,active,False,1,2025-06-18T16:33:04.392444
618,Mr,mr@example.com,temp_hash,Mr,,,2,active,False,1,2025-06-18T16:33:04.392451
619,Anne,anne@example.com,temp_hash,Anne,,,2,active,False,1,2025-06-18T16:33:04.392454
620,Lisa,lisa@example.com,temp_hash,Lisa,,,2,active,False,1,2025-06-18T16:33:04.392458
621,Andrew,andrew@example.com,temp_hash,Andrew,,,2,active,False,1,2025-06-18T16:33:04.392461
622,Nihan,nihan@example.com,temp_hash,Nihan,,,2,active,False,1,2025-06-18T16:33:04.392464
623,Danilo,danilo@example.com,temp_hash,Danilo,,,2,active,False,1,2025-06-18T16:33:04.392468
624,Ingrid,ingrid@example.com,temp_hash,Ingrid,,,2,active,False,1,2025-06-18T16:33:04.392474
625,Jacob,jacob@example.com,temp_hash,Jacob,,,2,active,False,1,2025-06-18T16:33:04.392478
626,Di,di@example.com,temp_hash,Di,,,2,active,False,1,2025-06-18T16:33:04.392482
627,Katrine,katrine@example.com,temp_hash,Katrine,,,2,active,False,1,2025-06-18T16:33:04.392486
628,Thomas,thomas@example.com,temp_hash,Thomas,,,2,active,False,1,2025-06-18T16:33:04.392489
629,Dean,dean@example.com,temp_hash,Dean,,,2,active,False,1,2025-06-18T16:33:04.392493
630,Bm,bm@example.com,temp_hash,Bm,,,2,active,False,1,2025-06-18T16:33:04.392496
631,Joseph,joseph@example.com,temp_hash,Joseph,,,2,active,False,1,2025-06-18T16:33:04.392499
632,Walid,walid@example.com,temp_hash,Walid,,,2,active,False,1,2025-06-18T16:33:04.392503
633,Vause-fletcher,vause-fletcher@example.com,temp_hash,Vause-fletcher,,,2,active,False,1,2025-06-18T16:33:04.392507
634,Natalie,natalie@example.com,temp_hash,Natalie,,,2,active,False,1,2025-06-18T16:33:04.392513
635,Michael,michael@example.com,temp_hash,Michael,,,2,active,False,1,2025-06-18T16:33:04.392517
636,Kristina,kristina@example.com,temp_hash,Kristina,,,2,active,False,1,2025-06-18T16:33:04.392520
637,Abdulla,abdulla@example.com,temp_hash,Abdulla,,,2,active,False,1,2025-06-18T16:33:04.392524
638,Victoria,victoria@example.com,temp_hash,Victoria,,,2,active,False,1,2025-06-18T16:33:04.392530
639,Ashraf,ashraf@example.com,temp_hash,Ashraf,,,2,active,False,1,2025-06-18T16:33:04.392534
640,Haider,haider@example.com,temp_hash,Haider,,,2,active,False,1,2025-06-18T16:33:04.392537
641,Les,les@example.com,temp_hash,Les,,,2,active,False,1,2025-06-18T16:33:04.392544
642,Zainab,zainab@example.com,temp_hash,Zainab,,,2,active,False,1,2025-06-18T16:33:04.392548
643,Frederik,frederik@example.com,temp_hash,Frederik,,,2,active,False,1,2025-06-18T16:33:04.392554
644,Daryl,daryl@example.com,temp_hash,Daryl,,,2,active,False,1,2025-06-18T16:33:04.392558
645,Jo,jo@example.com,temp_hash,Jo,,,2,active,False,1,2025-06-18T16:33:04.392561
646,Imran,imran@example.com,temp_hash,Imran,,,2,active,False,1,2025-06-18T16:33:04.392565
647,Charles,charles@example.com,temp_hash,Charles,,,2,active,False,1,2025-06-18T16:33:04.392568
648,Rudolf,rudolf@example.com,temp_hash,Rudolf,,,2,active,False,1,2025-06-18T16:33:04.392571
649,Lahmi,lahmi@example.com,temp_hash,Lahmi,,,2,active,False,1,2025-06-18T16:33:04.392575
650,Johnstone,johnstone@example.com,temp_hash,Johnstone,,,2,active,False,1,2025-06-18T16:33:04.392581
651,Bonnie,bonnie@example.com,temp_hash,Bonnie,,,2,active,False,1,2025-06-18T16:33:04.392584
652,Lars,lars@example.com,temp_hash,Lars,,,2,active,False,1,2025-06-18T16:33:04.392588
653,Angshuman,angshuman@example.com,temp_hash,Angshuman,,,2,active,False,1,2025-06-18T16:33:04.392591
654,Mario,mario@example.com,temp_hash,Mario,,,2,active,False,1,2025-06-18T16:33:04.392598
655,Cathy,cathy@example.com,temp_hash,Cathy,,,2,active,False,1,2025-06-18T16:33:04.392601
656,Adrianna,adrianna@example.com,temp_hash,Adrianna,,,2,active,False,1,2025-06-18T16:33:04.392605
657,Felim,felim@example.com,temp_hash,Felim,,,2,active,False,1,2025-06-18T16:33:04.392608
658,Audrey,audrey@example.com,temp_hash,Audrey,,,2,active,False,1,2025-06-18T16:33:04.392615
659,Joerg,joerg@example.com,temp_hash,Joerg,,,2,active,False,1,2025-06-18T16:33:04.392618
660,Shini,shini@example.com,temp_hash,Shini,,,2,active,False,1,2025-06-18T16:33:04.392621
661,Tracey,tracey@example.com,temp_hash,Tracey,,,2,active,False,1,2025-06-18T16:33:04.392625
662,Lynsey,lynsey@example.com,temp_hash,Lynsey,,,2,active,False,1,2025-06-18T16:33:04.392628
663,Jannie,jannie@example.com,temp_hash,Jannie,,,2,active,False,1,2025-06-18T16:33:04.392632
664,Ingo,ingo@example.com,temp_hash,Ingo,,,2,active,False,1,2025-06-18T16:33:04.392638
665,Patricia,patricia@example.com,temp_hash,Patricia,,,2,active,False,1,2025-06-18T16:33:04.392642
666,Orit,orit@example.com,temp_hash,Orit,,,2,active,False,1,2025-06-18T16:33:04.392645
667,Erica,erica@example.com,temp_hash,Erica,,,2,active,False,1,2025-06-18T16:33:04.392649
668,Sotnicenko,sotnicenko@example.com,temp_hash,Sotnicenko,,,2,active,False,1,2025-06-18T16:33:04.392652
669,Eda,eda@example.com,temp_hash,Eda,,,2,active,False,1,2025-06-18T16:33:04.392655
670,Zylinski,zylinski@example.com,temp_hash,Zylinski,,,2,active,False,1,2025-06-18T16:33:04.392662
671,Kizilkaya,kizilkaya@example.com,temp_hash,Kizilkaya,,,2,active,False,1,2025-06-18T16:33:04.392665
672,Mercy,mercy@example.com,temp_hash,Mercy,,,2,active,False,1,2025-06-18T16:33:04.392669
673,Dmytro,dmytro@example.com,temp_hash,Dmytro,,,2,active,False,1,2025-06-18T16:33:04.392672
674,Emad,emad@example.com,temp_hash,Emad,,,2,active,False,1,2025-06-18T16:33:04.392678
675,Steven,steven@example.com,temp_hash,Steven,,,2,active,False,1,2025-06-18T16:33:04.392682
676,Geoffrey,geoffrey@example.com,temp_hash,Geoffrey,,,2,active,False,1,2025-06-18T16:33:04.392688
677,Alexander,alexander@example.com,temp_hash,Alexander,,,2,active,False,1,2025-06-18T16:33:04.392692
678,Homam,homam@example.com,temp_hash,Homam,,,2,active,False,1,2025-06-18T16:33:04.392695
679,Wajih,wajih@example.com,temp_hash,Wajih,,,2,active,False,1,2025-06-18T16:33:04.392711
680,Tom,tom@example.com,temp_hash,Tom,,,2,active,False,1,2025-06-18T16:33:04.392714
681,Jitka,jitka@example.com,temp_hash,Jitka,,,2,active,False,1,2025-06-18T16:33:04.392720
682,Heather,heather@example.com,temp_hash,Heather,,,2,active,False,1,2025-06-18T16:33:04.392724
683,Nabeel,nabeel@example.com,temp_hash,Nabeel,,,2,active,False,1,2025-06-18T16:33:04.392728
684,Alessandra,alessandra@example.com,temp_hash,Alessandra,,,2,active,False,1,2025-06-18T16:33:04.392731
685,Osama,osama@example.com,temp_hash,Osama,,,2,active,False,1,2025-06-18T16:33:04.392735
686,Rabab,rabab@example.com,temp_hash,Rabab,,,2,active,False,1,2025-06-18T16:33:04.392738
687,Yone,yone@example.com,temp_hash,Yone,,,2,active,False,1,2025-06-18T16:33:04.392744
688,Ghadeer,ghadeer@example.com,temp_hash,Ghadeer,,,2,active,False,1,2025-06-18T16:33:04.392748
689,Brenda,brenda@example.com,temp_hash,Brenda,,,2,active,False,1,2025-06-18T16:33:04.392751
690,Abdullah,abdullah@example.com,temp_hash,Abdullah,,,2,active,False,1,2025-06-18T16:33:04.392755
691,Melissa,melissa@example.com,temp_hash,Melissa,,,2,active,False,1,2025-06-18T16:33:04.392761
692,Aguyabroad,aguyabroad@example.com,temp_hash,Aguyabroad,,,2,active,False,1,2025-06-18T16:33:04.392765
693,Chris,chris@example.com,temp_hash,Chris,,,2,active,False,1,2025-06-18T16:33:04.392769
694,Travel_ler,travel_ler@example.com,temp_hash,Travel_ler,,,2,active,False,1,2025-06-18T16:33:04.392777
695,Innez,innez@example.com,temp_hash,Innez,,,2,active,False,1,2025-06-18T16:33:04.392781
696,Setyawati,setyawati@example.com,temp_hash,Setyawati,,,2,active,False,1,2025-06-18T16:33:04.392784
697,Bagis,bagis@example.com,temp_hash,Bagis,,,2,active,False,1,2025-06-18T16:33:04.392788
698,Veronika,veronika@example.com,temp_hash,Veronika,,,2,active,False,1,2025-06-18T16:33:04.392918
699,Lk,lk@example.com,temp_hash,Lk,,,2,active,False,1,2025-06-18T16:33:04.392923
700,Annemarie,annemarie@example.com,temp_hash,Annemarie,,,2,active,False,1,2025-06-18T16:33:04.392927
701,Marouane,marouane@example.com,temp_hash,Marouane,,,2,active,False,1,2025-06-18T16:33:04.392932
702,Star,star@example.com,temp_hash,Star,,,2,active,False,1,2025-06-18T16:33:04.392935
703,Saud,saud@example.com,temp_hash,Saud,,,2,active,False,1,2025-06-18T16:33:04.392939
704,Parashar,parashar@example.com,temp_hash,Parashar,,,2,active,False,1,2025-06-18T16:33:04.392943
705,James,james@example.com,temp_hash,James,,,2,active,False,1,2025-06-18T16:33:04.392946
706,Alejandro,alejandro@example.com,temp_hash,Alejandro,,,2,active,False,1,2025-06-18T16:33:04.392952
707,Lucy,lucy@example.com,temp_hash,Lucy,,,2,active,False,1,2025-06-18T16:33:04.392956
708,Amit,amit@example.com,temp_hash,Amit,,,2,active,False,1,2025-06-18T16:33:04.392960
709,Ramy,ramy@example.com,temp_hash,Ramy,,,2,active,False,1,2025-06-18T16:33:04.392963
710,Rajendran,rajendran@example.com,temp_hash,Rajendran,,,2,active,False,1,2025-06-18T16:33:04.392966
711,Mathieu,mathieu@example.com,temp_hash,Mathieu,,,2,active,False,1,2025-06-18T16:33:04.392974
712,Zhanna,zhanna@example.com,temp_hash,Zhanna,,,2,active,False,1,2025-06-18T16:33:04.392978
713,Christoph,christoph@example.com,temp_hash,Christoph,,,2,active,False,1,2025-06-18T16:33:04.392982
714,Lalita,lalita@example.com,temp_hash,Lalita,,,2,active,False,1,2025-06-18T16:33:04.392985
715,Suresh,suresh@example.com,temp_hash,Suresh,,,2,active,False,1,2025-06-18T16:33:04.392989
716,Raul,raul@example.com,temp_hash,Raul,,,2,active,False,1,2025-06-18T16:33:04.392992
717,Marie,marie@example.com,temp_hash,Marie,,,2,active,False,1,2025-06-18T16:33:04.392996
718,Hemanshu,hemanshu@example.com,temp_hash,Hemanshu,,,2,active,False,1,2025-06-18T16:33:04.392999
719,Etem,etem@example.com,temp_hash,Etem,,,2,active,False,1,2025-06-18T16:33:04.393006
720,Talal,talal@example.com,temp_hash,Talal,,,2,active,False,1,2025-06-18T16:33:04.393017
721,Pascal,pascal@example.com,temp_hash,Pascal,,,2,active,False,1,2025-06-18T16:33:04.393024
722,Latoya,latoya@example.com,temp_hash,Latoya,,,2,active,False,1,2025-06-18T16:33:04.393027
723,Cecily,cecily@example.com,temp_hash,Cecily,,,2,active,False,1,2025-06-18T16:33:04.393031
724,Keith,keith@example.com,temp_hash,Keith,,,2,active,False,1,2025-06-18T16:33:04.393034
725,Panagiotis,panagiotis@example.com,temp_hash,Panagiotis,,,2,active,False,1,2025-06-18T16:33:04.393038
726,Macleod,macleod@example.com,temp_hash,Macleod,,,2,active,False,1,2025-06-18T16:33:04.393045
727,Baines,baines@example.com,temp_hash,Baines,,,2,active,False,1,2025-06-18T16:33:04.393048
728,Lamees,lamees@example.com,temp_hash,Lamees,,,2,active,False,1,2025-06-18T16:33:04.393051
729,Tracy,tracy@example.com,temp_hash,Tracy,,,2,active,False,1,2025-06-18T16:33:04.393055
730,Neville,neville@example.com,temp_hash,Neville,,,2,active,False,1,2025-06-18T16:33:04.393061
731,Holly,holly@example.com,temp_hash,Holly,,,2,active,False,1,2025-06-18T16:33:04.393065
732,Annie,annie@example.com,temp_hash,Annie,,,2,active,False,1,2025-06-18T16:33:04.393068
733,Mohamad,mohamad@example.com,temp_hash,Mohamad,,,2,active,False,1,2025-06-18T16:33:04.393072
734,Ishankhot,ishankhot@example.com,temp_hash,Ishankhot,,,2,active,False,1,2025-06-18T16:33:04.393075
735,Emmanouil,emmanouil@example.com,temp_hash,Emmanouil,,,2,active,False,1,2025-06-18T16:33:04.393081
736,Fawzia,fawzia@example.com,temp_hash,Fawzia,,,2,active,False,1,2025-06-18T16:33:04.393085
737,Hakim,hakim@example.com,temp_hash,Hakim,,,2,active,False,1,2025-06-18T16:33:04.393088
738,Andrii,andrii@example.com,temp_hash,Andrii,,,2,active,False,1,2025-06-18T16:33:04.393092
739,Ljubomir,ljubomir@example.com,temp_hash,Ljubomir,,,2,active,False,1,2025-06-18T16:33:04.393097
740,Daniel,daniel@example.com,temp_hash,Daniel,,,2,active,False,1,2025-06-18T16:33:04.393101
741,Radek,radek@example.com,temp_hash,Radek,,,2,active,False,1,2025-06-18T16:33:04.393104
742,Mustafa,mustafa@example.com,temp_hash,Mustafa,,,2,active,False,1,2025-06-18T16:33:04.393111
743,Dominique,dominique@example.com,temp_hash,Dominique,,,2,active,False,1,2025-06-18T16:33:04.393114
744,Nora,nora@example.com,temp_hash,Nora,,,2,active,False,1,2025-06-18T16:33:04.393118
745,Louisa,louisa@example.com,temp_hash,Louisa,,,2,active,False,1,2025-06-18T16:33:04.393121
746,Anna,anna@example.com,temp_hash,Anna,,,2,active,False,1,2025-06-18T16:33:04.393127
747,Laurel,laurel@example.com,temp_hash,Laurel,,,2,active,False,1,2025-06-18T16:33:04.393131
748,Satu,satu@example.com,temp_hash,Satu,,,2,active,False,1,2025-06-18T16:33:04.393134
749,Guiney,guiney@example.com,temp_hash,Guiney,,,2,active,False,1,2025-06-18T16:33:04.393138
750,Iphigeneia,iphigeneia@example.com,temp_hash,Iphigeneia,,,2,active,False,1,2025-06-18T16:33:04.393144
751,Iyad,iyad@example.com,temp_hash,Iyad,,,2,active,False,1,2025-06-18T16:33:04.393148
752,Abusultan,abusultan@example.com,temp_hash,Abusultan,,,2,active,False,1,2025-06-18T16:33:04.393151
753,Anil,anil@example.com,temp_hash,Anil,,,2,active,False,1,2025-06-18T16:33:04.393155
754,Steve,steve@example.com,temp_hash,Steve,,,2,active,False,1,2025-06-18T16:33:04.393158
755,Ratiba,ratiba@example.com,temp_hash,Ratiba,,,2,active,False,1,2025-06-18T16:33:04.393162
756,Kawkb,kawkb@example.com,temp_hash,Kawkb,,,2,active,False,1,2025-06-18T16:33:04.393165
757,Kai,kai@example.com,temp_hash,Kai,,,2,active,False,1,2025-06-18T16:33:04.393168
758,Rtoliveira79,rtoliveira79@example.com,temp_hash,Rtoliveira79,,,2,active,False,1,2025-06-18T16:33:04.393172
759,Luay,luay@example.com,temp_hash,Luay,,,2,active,False,1,2025-06-18T16:33:04.393175
760,Ruben,ruben@example.com,temp_hash,Ruben,,,2,active,False,1,2025-06-18T16:33:04.393182
761,Sangchup,sangchup@example.com,temp_hash,Sangchup,,,2,active,False,1,2025-06-18T16:33:04.393185
762,Faisal,faisal@example.com,temp_hash,Faisal,,,2,active,False,1,2025-06-18T16:33:04.393189
763,Sabine,sabine@example.com,temp_hash,Sabine,,,2,active,False,1,2025-06-18T16:33:04.393197
764,Gunnar,gunnar@example.com,temp_hash,Gunnar,,,2,active,False,1,2025-06-18T16:33:04.393200
765,Chula,chula@example.com,temp_hash,Chula,,,2,active,False,1,2025-06-18T16:33:04.393204
766,Nikola,nikola@example.com,temp_hash,Nikola,,,2,active,False,1,2025-06-18T16:33:04.393207
767,Markella,markella@example.com,temp_hash,Markella,,,2,active,False,1,2025-06-18T16:33:04.393213
768,M,m@example.com,temp_hash,M,,,2,active,False,1,2025-06-18T16:33:04.393217
769,Charity,charity@example.com,temp_hash,Charity,,,2,active,False,1,2025-06-18T16:33:04.393220
770,Marta,marta@example.com,temp_hash,Marta,,,2,active,False,1,2025-06-18T16:33:04.393224
771,Victor,victor@example.com,temp_hash,Victor,,,2,active,False,1,2025-06-18T16:33:04.393227
772,Colm,colm@example.com,temp_hash,Colm,,,2,active,False,1,2025-06-18T16:33:04.393233
773,Fabian,fabian@example.com,temp_hash,Fabian,,,2,active,False,1,2025-06-18T16:33:04.393236
774,Klink,klink@example.com,temp_hash,Klink,,,2,active,False,1,2025-06-18T16:33:04.393240
775,Gratefullion,gratefullion@example.com,temp_hash,Gratefullion,,,2,active,False,1,2025-06-18T16:33:04.393246
776,Kerrie,kerrie@example.com,temp_hash,Kerrie,,,2,active,False,1,2025-06-18T16:33:04.393249
777,Federico,federico@example.com,temp_hash,Federico,,,2,active,False,1,2025-06-18T16:33:04.393253
778,Fasil,fasil@example.com,temp_hash,Fasil,,,2,active,False,1,2025-06-18T16:33:04.393256
779,Bridget,bridget@example.com,temp_hash,Bridget,,,2,active,False,1,2025-06-18T16:33:04.393260
780,Waipaina,waipaina@example.com,temp_hash,Waipaina,,,2,active,False,1,2025-06-18T16:33:04.393263
781,Jason,jason@example.com,temp_hash,Jason,,,2,active,False,1,2025-06-18T16:33:04.393270
782,Fergal,fergal@example.com,temp_hash,Fergal,,,2,active,False,1,2025-06-18T16:33:04.393273
783,Wilson,wilson@example.com,temp_hash,Wilson,,,2,active,False,1,2025-06-18T16:33:04.393276
784,Zoltán,zoltán@example.com,temp_hash,Zoltán,,,2,active,False,1,2025-06-18T16:33:04.393280
785,Penni,penni@example.com,temp_hash,Penni,,,2,active,False,1,2025-06-18T16:33:04.393287
786,Toritseju,toritseju@example.com,temp_hash,Toritseju,,,2,active,False,1,2025-06-18T16:33:04.393290
787,Lidia,lidia@example.com,temp_hash,Lidia,,,2,active,False,1,2025-06-18T16:33:04.393294
788,Suman,suman@example.com,temp_hash,Suman,,,2,active,False,1,2025-06-18T16:33:04.393297
789,Nicola,nicola@example.com,temp_hash,Nicola,,,2,active,False,1,2025-06-18T16:33:04.393301
790,Telmo,telmo@example.com,temp_hash,Telmo,,,2,active,False,1,2025-06-18T16:33:04.393307
791,Cotea,cotea@example.com,temp_hash,Cotea,,,2,active,False,1,2025-06-18T16:33:04.393311
792,Ann,ann@example.com,temp_hash,Ann,,,2,active,False,1,2025-06-18T16:33:04.393318
793,Mike,mike@example.com,temp_hash,Mike,,,2,active,False,1,2025-06-18T16:33:04.393324
794,Francoise,francoise@example.com,temp_hash,Francoise,,,2,active,False,1,2025-06-18T16:33:04.393328
795,Nikolai,nikolai@example.com,temp_hash,Nikolai,,,2,active,False,1,2025-06-18T16:33:04.393332
796,Carina,carina@example.com,temp_hash,Carina,,,2,active,False,1,2025-06-18T16:33:04.393335
797,Deanne,deanne@example.com,temp_hash,Deanne,,,2,active,False,1,2025-06-18T16:33:04.393338
798,Ragnar,ragnar@example.com,temp_hash,Ragnar,,,2,active,False,1,2025-06-18T16:33:04.393342
799,Hanli,hanli@example.com,temp_hash,Hanli,,,2,active,False,1,2025-06-18T16:33:04.393348
800,Mariem,mariem@example.com,temp_hash,Mariem,,,2,active,False,1,2025-06-18T16:33:04.393351
801,Magdalena,magdalena@example.com,temp_hash,Magdalena,,,2,active,False,1,2025-06-18T16:33:04.393355
802,Guannan,guannan@example.com,temp_hash,Guannan,,,2,active,False,1,2025-06-18T16:33:04.393358
803,Iain,iain@example.com,temp_hash,Iain,,,2,active,False,1,2025-06-18T16:33:04.393364
804,Julia,julia@example.com,temp_hash,Julia,,,2,active,False,1,2025-06-18T16:33:04.393373
805,Janice,janice@example.com,temp_hash,Janice,,,2,active,False,1,2025-06-18T16:33:04.393376
806,Diah,diah@example.com,temp_hash,Diah,,,2,active,False,1,2025-06-18T16:33:04.393379
807,Antonnette,antonnette@example.com,temp_hash,Antonnette,,,2,active,False,1,2025-06-18T16:33:04.393383
808,Mthembu,mthembu@example.com,temp_hash,Mthembu,,,2,active,False,1,2025-06-18T16:33:04.393389
809,Arnaud,arnaud@example.com,temp_hash,Arnaud,,,2,active,False,1,2025-06-18T16:33:04.393392
810,Gibran,gibran@example.com,temp_hash,Gibran,,,2,active,False,1,2025-06-18T16:33:04.393395
811,Ovais,ovais@example.com,temp_hash,Ovais,,,2,active,False,1,2025-06-18T16:33:04.393399
812,Yvonne,yvonne@example.com,temp_hash,Yvonne,,,2,active,False,1,2025-06-18T16:33:04.393404
813,Jo-anne,jo-anne@example.com,temp_hash,Jo-anne,,,2,active,False,1,2025-06-18T16:33:04.393408
814,Sodhi,sodhi@example.com,temp_hash,Sodhi,,,2,active,False,1,2025-06-18T16:33:04.393412
815,Zoe,zoe@example.com,temp_hash,Zoe,,,2,active,False,1,2025-06-18T16:33:04.393415
816,Helen,helen@example.com,temp_hash,Helen,,,2,active,False,1,2025-06-18T16:33:04.393419
817,Oliver,oliver@example.com,temp_hash,Oliver,,,2,active,False,1,2025-06-18T16:33:04.393422
818,Justine,justine@example.com,temp_hash,Justine,,,2,active,False,1,2025-06-18T16:33:04.393426
819,Paroma,paroma@example.com,temp_hash,Paroma,,,2,active,False,1,2025-06-18T16:33:04.393429
820,W,w@example.com,temp_hash,W,,,2,active,False,1,2025-06-18T16:33:04.393436
821,Saiedeh,saiedeh@example.com,temp_hash,Saiedeh,,,2,active,False,1,2025-06-18T16:33:04.393440
822,Lagu,lagu@example.com,temp_hash,Lagu,,,2,active,False,1,2025-06-18T16:33:04.393443
823,Steev,steev@example.com,temp_hash,Steev,,,2,active,False,1,2025-06-18T16:33:04.393447
824,Jonathan,jonathan@example.com,temp_hash,Jonathan,,,2,active,False,1,2025-06-18T16:33:04.393450
825,Pedro,pedro@example.com,temp_hash,Pedro,,,2,active,False,1,2025-06-18T16:33:04.393453
826,Andy,andy@example.com,temp_hash,Andy,,,2,active,False,1,2025-06-18T16:33:04.393466
827,Beverley,beverley@example.com,temp_hash,Beverley,,,2,active,False,1,2025-06-18T16:33:04.393469
828,Ramon,ramon@example.com,temp_hash,Ramon,,,2,active,False,1,2025-06-18T16:33:04.393473
829,Okeowo,okeowo@example.com,temp_hash,Okeowo,,,2,active,False,1,2025-06-18T16:33:04.393476
830,Kamrul,kamrul@example.com,temp_hash,Kamrul,,,2,active,False,1,2025-06-18T16:33:04.393480
831,Suzy,suzy@example.com,temp_hash,Suzy,,,2,active,False,1,2025-06-18T16:33:04.393483
832,Barbara,barbara@example.com,temp_hash,Barbara,,,2,active,False,1,2025-06-18T16:33:04.393486
833,Jerida,jerida@example.com,temp_hash,Jerida,,,2,active,False,1,2025-06-18T16:33:04.393490
834,Rafaat,rafaat@example.com,temp_hash,Rafaat,,,2,active,False,1,2025-06-18T16:33:04.393493
835,Christophe,christophe@example.com,temp_hash,Christophe,,,2,active,False,1,2025-06-18T16:33:04.393497
836,Kobus,kobus@example.com,temp_hash,Kobus,,,2,active,False,1,2025-06-18T16:33:04.393500
837,Pathfinder1,pathfinder1@example.com,temp_hash,Pathfinder1,,,2,active,False,1,2025-06-18T16:33:04.393504
838,Irina,irina@example.com,temp_hash,Irina,,,2,active,False,1,2025-06-18T16:33:04.393507
839,Ivo,ivo@example.com,temp_hash,Ivo,,,2,active,False,1,2025-06-18T16:33:04.393510
840,Andrea,andrea@example.com,temp_hash,Andrea,,,2,active,False,1,2025-06-18T16:33:04.393514
841,Rene,rene@example.com,temp_hash,Rene,,,2,active,False,1,2025-06-18T16:33:04.393517
842,Gerard,gerard@example.com,temp_hash,Gerard,,,2,active,False,1,2025-06-18T16:33:04.393521
843,Narisa,narisa@example.com,temp_hash,Narisa,,,2,active,False,1,2025-06-18T16:33:04.393524
844,Desiree,desiree@example.com,temp_hash,Desiree,,,2,active,False,1,2025-06-18T16:33:04.393528
845,Mohamed,mohamed@example.com,temp_hash,Mohamed,,,2,active,False,1,2025-06-18T16:33:04.393531
846,Brittany,brittany@example.com,temp_hash,Brittany,,,2,active,False,1,2025-06-18T16:33:04.393535
847,Kevin,kevin@example.com,temp_hash,Kevin,,,2,active,False,1,2025-06-18T16:33:04.393538
848,Brian,brian@example.com,temp_hash,Brian,,,2,active,False,1,2025-06-18T16:33:04.393541
849,Belinda,belinda@example.com,temp_hash,Belinda,,,2,active,False,1,2025-06-18T16:33:04.393545
850,Luo,luo@example.com,temp_hash,Luo,,,2,active,False,1,2025-06-18T16:33:04.393559
851,Rami,rami@example.com,temp_hash,Rami,,,2,active,False,1,2025-06-18T16:33:04.393564
852,Kunchi,kunchi@example.com,temp_hash,Kunchi,,,2,active,False,1,2025-06-18T16:33:04.393567
853,Gabriella,gabriella@example.com,temp_hash,Gabriella,,,2,active,False,1,2025-06-18T16:33:04.393571
854,Morris,morris@example.com,temp_hash,Morris,,,2,active,False,1,2025-06-18T16:33:04.393574
855,Silviacarrilho,silviacarrilho@example.com,temp_hash,Silviacarrilho,,,2,active,False,1,2025-06-18T16:33:04.393578
856,Adam,adam@example.com,temp_hash,Adam,,,2,active,False,1,2025-06-18T16:33:04.393581
857,Shroeter,shroeter@example.com,temp_hash,Shroeter,,,2,active,False,1,2025-06-18T16:33:04.393584
858,Simon,simon@example.com,temp_hash,Simon,,,2,active,False,1,2025-06-18T16:33:04.393588
859,Jindapa,jindapa@example.com,temp_hash,Jindapa,,,2,active,False,1,2025-06-18T16:33:04.393591
860,Gary,gary@example.com,temp_hash,Gary,,,2,active,False,1,2025-06-18T16:33:04.393595
861,Julius,julius@example.com,temp_hash,Julius,,,2,active,False,1,2025-06-18T16:33:04.393598
862,Meegan,meegan@example.com,temp_hash,Meegan,,,2,active,False,1,2025-06-18T16:33:04.393602
863,Abdelaziz,abdelaziz@example.com,temp_hash,Abdelaziz,,,2,active,False,1,2025-06-18T16:33:04.393606
864,Yazeed,yazeed@example.com,temp_hash,Yazeed,,,2,active,False,1,2025-06-18T16:33:04.393609
865,Sameera,sameera@example.com,temp_hash,Sameera,,,2,active,False,1,2025-06-18T16:33:04.393613
866,Sboln,sboln@example.com,temp_hash,Sboln,,,2,active,False,1,2025-06-18T16:33:04.393617
867,Costa,costa@example.com,temp_hash,Costa,,,2,active,False,1,2025-06-18T16:33:04.393620
868,Sivuyile,sivuyile@example.com,temp_hash,Sivuyile,,,2,active,False,1,2025-06-18T16:33:04.393624
869,Nils,nils@example.com,temp_hash,Nils,,,2,active,False,1,2025-06-18T16:33:04.393627
870,Dorothy,dorothy@example.com,temp_hash,Dorothy,,,2,active,False,1,2025-06-18T16:33:04.393631
871,Joshua,joshua@example.com,temp_hash,Joshua,,,2,active,False,1,2025-06-18T16:33:04.393634
872,Fanny,fanny@example.com,temp_hash,Fanny,,,2,active,False,1,2025-06-18T16:33:04.393638
873,Ridha,ridha@example.com,temp_hash,Ridha,,,2,active,False,1,2025-06-18T16:33:04.393642
874,Maciej,maciej@example.com,temp_hash,Maciej,,,2,active,False,1,2025-06-18T16:33:04.393645
875,Zuzana,zuzana@example.com,temp_hash,Zuzana,,,2,active,False,1,2025-06-18T16:33:04.393649
876,Ian,ian@example.com,temp_hash,Ian,,,2,active,False,1,2025-06-18T16:33:04.393653
877,Roger,roger@example.com,temp_hash,Roger,,,2,active,False,1,2025-06-18T16:33:04.393656
878,Holger,holger@example.com,temp_hash,Holger,,,2,active,False,1,2025-06-18T16:33:04.393659
879,Scott,scott@example.com,temp_hash,Scott,,,2,active,False,1,2025-06-18T16:33:04.393663
880,Hassony_h,hassony_h@example.com,temp_hash,Hassony_h,,,2,active,False,1,2025-06-18T16:33:04.393666
881,Abdulhafiez,abdulhafiez@example.com,temp_hash,Abdulhafiez,,,2,active,False,1,2025-06-18T16:33:04.393670
882,Sonia,sonia@example.com,temp_hash,Sonia,,,2,active,False,1,2025-06-18T16:33:04.393673
883,Irena,irena@example.com,temp_hash,Irena,,,2,active,False,1,2025-06-18T16:33:04.393676
884,Abigail,abigail@example.com,temp_hash,Abigail,,,2,active,False,1,2025-06-18T16:33:04.393680
885,Jerzy,jerzy@example.com,temp_hash,Jerzy,,,2,active,False,1,2025-06-18T16:33:04.393684
886,Maeve,maeve@example.com,temp_hash,Maeve,,,2,active,False,1,2025-06-18T16:33:04.393687
887,Akitha,akitha@example.com,temp_hash,Akitha,,,2,active,False,1,2025-06-18T16:33:04.393690
888,Kurniawan,kurniawan@example.com,temp_hash,Kurniawan,,,2,active,False,1,2025-06-18T16:33:04.393694
889,David,david@example.com,temp_hash,David,,,2,active,False,1,2025-06-18T16:33:04.393698
890,Lancelotte,lancelotte@example.com,temp_hash,Lancelotte,,,2,active,False,1,2025-06-18T16:33:04.393701
891,Graham,graham@example.com,temp_hash,Graham,,,2,active,False,1,2025-06-18T16:33:04.393706
892,Wood,wood@example.com,temp_hash,Wood,,,2,active,False,1,2025-06-18T16:33:04.393710
893,Corine,corine@example.com,temp_hash,Corine,,,2,active,False,1,2025-06-18T16:33:04.393714
894,Ellen,ellen@example.com,temp_hash,Ellen,,,2,active,False,1,2025-06-18T16:33:04.393717
895,Masako,masako@example.com,temp_hash,Masako,,,2,active,False,1,2025-06-18T16:33:04.393721
896,Sanja,sanja@example.com,temp_hash,Sanja,,,2,active,False,1,2025-06-18T16:33:04.393724
897,Van,van@example.com,temp_hash,Van,,,2,active,False,1,2025-06-18T16:33:04.393728
898,Cho,cho@example.com,temp_hash,Cho,,,2,active,False,1,2025-06-18T16:33:04.393731
899,Hasmig,hasmig@example.com,temp_hash,Hasmig,,,2,active,False,1,2025-06-18T16:33:04.393735
900,Evrim,evrim@example.com,temp_hash,Evrim,,,2,active,False,1,2025-06-18T16:33:04.393738
901,Botchorishvili,botchorishvili@example.com,temp_hash,Botchorishvili,,,2,active,False,1,2025-06-18T16:33:04.393742
902,Tawfik,tawfik@example.com,temp_hash,Tawfik,,,2,active,False,1,2025-06-18T16:33:04.393745
903,Ekaterina,ekaterina@example.com,temp_hash,Ekaterina,,,2,active,False,1,2025-06-18T16:33:04.393748
904,Avdi,avdi@example.com,temp_hash,Avdi,,,2,active,False,1,2025-06-18T16:33:04.393752
905,Mark,mark@example.com,temp_hash,Mark,,,2,active,False,1,2025-06-18T16:33:04.393755
906,Winifred,winifred@example.com,temp_hash,Winifred,,,2,active,False,1,2025-06-18T16:33:04.393759
907,Morven,morven@example.com,temp_hash,Morven,,,2,active,False,1,2025-06-18T16:33:04.393762
908,Pamela,pamela@example.com,temp_hash,Pamela,,,2,active,False,1,2025-06-18T16:33:04.393765
909,Robert,robert@example.com,temp_hash,Robert,,,2,active,False,1,2025-06-18T16:33:04.393769
910,Md,md@example.com,temp_hash,Md,,,2,active,False,1,2025-06-18T16:33:04.393773
911,Martino,martino@example.com,temp_hash,Martino,,,2,active,False,1,2025-06-18T16:33:04.393776
912,Jehad,jehad@example.com,temp_hash,Jehad,,,2,active,False,1,2025-06-18T16:33:04.393779
913,Rolakhoury,rolakhoury@example.com,temp_hash,Rolakhoury,,,2,active,False,1,2025-06-18T16:33:04.393787
914,Brendan,brendan@example.com,temp_hash,Brendan,,,2,active,False,1,2025-06-18T16:33:04.393791
915,Sonja,sonja@example.com,temp_hash,Sonja,,,2,active,False,1,2025-06-18T16:33:04.393794
916,Stuart,stuart@example.com,temp_hash,Stuart,,,2,active,False,1,2025-06-18T16:33:04.393798
917,Yolisa,yolisa@example.com,temp_hash,Yolisa,,,2,active,False,1,2025-06-18T16:33:04.393801
918,Nicky147,nicky147@example.com,temp_hash,Nicky147,,,2,active,False,1,2025-06-18T16:33:04.393805
919,Arda,arda@example.com,temp_hash,Arda,,,2,active,False,1,2025-06-18T16:33:04.393821
920,Sabir,sabir@example.com,temp_hash,Sabir,,,2,active,False,1,2025-06-18T16:33:04.393825
921,Dave,dave@example.com,temp_hash,Dave,,,2,active,False,1,2025-06-18T16:33:04.393828
922,Karan,karan@example.com,temp_hash,Karan,,,2,active,False,1,2025-06-18T16:33:04.393832
923,Jacqui,jacqui@example.com,temp_hash,Jacqui,,,2,active,False,1,2025-06-18T16:33:04.393835
924,Steve7183,steve7183@example.com,temp_hash,Steve7183,,,2,active,False,1,2025-06-18T16:33:04.393839
925,Nxokwana,nxokwana@example.com,temp_hash,Nxokwana,,,2,active,False,1,2025-06-18T16:33:04.393844
926,Ricardo,ricardo@example.com,temp_hash,Ricardo,,,2,active,False,1,2025-06-18T16:33:04.393847
927,Loic,loic@example.com,temp_hash,Loic,,,2,active,False,1,2025-06-18T16:33:04.393851
928,Khaled,khaled@example.com,temp_hash,Khaled,,,2,active,False,1,2025-06-18T16:33:04.393854
929,Corina,corina@example.com,temp_hash,Corina,,,2,active,False,1,2025-06-18T16:33:04.393862
930,Amrita,amrita@example.com,temp_hash,Amrita,,,2,active,False,1,2025-06-18T16:33:04.393865
931,Quin,quin@example.com,temp_hash,Quin,,,2,active,False,1,2025-06-18T16:33:04.393869
932,Christin,christin@example.com,temp_hash,Christin,,,2,active,False,1,2025-06-18T16:33:04.393872
933,Fitim,fitim@example.com,temp_hash,Fitim,,,2,active,False,1,2025-06-18T16:33:04.393876
934,Mariaan,mariaan@example.com,temp_hash,Mariaan,,,2,active,False,1,2025-06-18T16:33:04.393879
935,Priya,priya@example.com,temp_hash,Priya,,,2,active,False,1,2025-06-18T16:33:04.393883
936,Ramakrishna,ramakrishna@example.com,temp_hash,Ramakrishna,,,2,active,False,1,2025-06-18T16:33:04.393886
937,Nick,nick@example.com,temp_hash,Nick,,,2,active,False,1,2025-06-18T16:33:04.393890
938,Kavish,kavish@example.com,temp_hash,Kavish,,,2,active,False,1,2025-06-18T16:33:04.393893
939,Katrina,katrina@example.com,temp_hash,Katrina,,,2,active,False,1,2025-06-18T16:33:04.393897
940,Vincent,vincent@example.com,temp_hash,Vincent,,,2,active,False,1,2025-06-18T16:33:04.393900
941,Huda,huda@example.com,temp_hash,Huda,,,2,active,False,1,2025-06-18T16:33:04.393904
942,Lauren,lauren@example.com,temp_hash,Lauren,,,2,active,False,1,2025-06-18T16:33:04.393907
943,Nekkanti,nekkanti@example.com,temp_hash,Nekkanti,,,2,active,False,1,2025-06-18T16:33:04.393911
944,Sanghee,sanghee@example.com,temp_hash,Sanghee,,,2,active,False,1,2025-06-18T16:33:04.393914
945,Mo's,mo's@example.com,temp_hash,Mo's,,,2,active,False,1,2025-06-18T16:33:04.393918
946,Binu,binu@example.com,temp_hash,Binu,,,2,active,False,1,2025-06-18T16:33:04.393921
947,Jordan,jordan@example.com,temp_hash,Jordan,,,2,active,False,1,2025-06-18T16:33:04.393925
948,Johan,johan@example.com,temp_hash,Johan,,,2,active,False,1,2025-06-18T16:33:04.393928
949,Aleksandar,aleksandar@example.com,temp_hash,Aleksandar,,,2,active,False,1,2025-06-18T16:33:04.393931
950,Sharon,sharon@example.com,temp_hash,Sharon,,,2,active,False,1,2025-06-18T16:33:04.393935
951,Agatym,agatym@example.com,temp_hash,Agatym,,,2,active,False,1,2025-06-18T16:33:04.393938
952,Christopher,christopher@example.com,temp_hash,Christopher,,,2,active,False,1,2025-06-18T16:33:04.393942
953,Alexander_n_13,alexander_n_13@example.com,temp_hash,Alexander_n_13,,,2,active,False,1,2025-06-18T16:33:04.393945
954,Takahiro,takahiro@example.com,temp_hash,Takahiro,,,2,active,False,1,2025-06-18T16:33:04.393949
955,Kamil,kamil@example.com,temp_hash,Kamil,,,2,active,False,1,2025-06-18T16:33:04.393952
956,Joanne,joanne@example.com,temp_hash,Joanne,,,2,active,False,1,2025-06-18T16:33:04.393955
957,Mirdad,mirdad@example.com,temp_hash,Mirdad,,,2,active,False,1,2025-06-18T16:33:04.393959
958,Gennaro,gennaro@example.com,temp_hash,Gennaro,,,2,active,False,1,2025-06-18T16:33:04.393962
959,Tomas,tomas@example.com,temp_hash,Tomas,,,2,active,False,1,2025-06-18T16:33:04.393966
960,Rosalyn,rosalyn@example.com,temp_hash,Rosalyn,,,2,active,False,1,2025-06-18T16:33:04.393969
961,Batool,batool@example.com,temp_hash,Batool,,,2,active,False,1,2025-06-18T16:33:04.393973
962,Aisling,aisling@example.com,temp_hash,Aisling,,,2,active,False,1,2025-06-18T16:33:04.393976
963,Maxim,maxim@example.com,temp_hash,Maxim,,,2,active,False,1,2025-06-18T16:33:04.393979
964,Jc,jc@example.com,temp_hash,Jc,,,2,active,False,1,2025-06-18T16:33:04.393983
965,Venkat,venkat@example.com,temp_hash,Venkat,,,2,active,False,1,2025-06-18T16:33:04.393986
966,Anastasiya,anastasiya@example.com,temp_hash,Anastasiya,,,2,active,False,1,2025-06-18T16:33:04.393990
967,Jan,jan@example.com,temp_hash,Jan,,,2,active,False,1,2025-06-18T16:33:04.393993
968,Meridah,meridah@example.com,temp_hash,Meridah,,,2,active,False,1,2025-06-18T16:33:04.393997
969,Robinson,robinson@example.com,temp_hash,Robinson,,,2,active,False,1,2025-06-18T16:33:04.394000
970,Nargis,nargis@example.com,temp_hash,Nargis,,,2,active,False,1,2025-06-18T16:33:04.394004
971,Staffan,staffan@example.com,temp_hash,Staffan,,,2,active,False,1,2025-06-18T16:33:04.394007
972,Dure,dure@example.com,temp_hash,Dure,,,2,active,False,1,2025-06-18T16:33:04.394010
973,Emna,emna@example.com,temp_hash,Emna,,,2,active,False,1,2025-06-18T16:33:04.394014
974,Kenechi,kenechi@example.com,temp_hash,Kenechi,,,2,active,False,1,2025-06-18T16:33:04.394018
975,Jerrey,jerrey@example.com,temp_hash,Jerrey,,,2,active,False,1,2025-06-18T16:33:04.394022
976,Gabriele,gabriele@example.com,temp_hash,Gabriele,,,2,active,False,1,2025-06-18T16:33:04.394025
977,Ifeyinwa,ifeyinwa@example.com,temp_hash,Ifeyinwa,,,2,active,False,1,2025-06-18T16:33:04.394029
978,Juliane,juliane@example.com,temp_hash,Juliane,,,2,active,False,1,2025-06-18T16:33:04.394038
979,Julie,julie@example.com,temp_hash,Julie,,,2,active,False,1,2025-06-18T16:33:04.394042
980,Nuha,nuha@example.com,temp_hash,Nuha,,,2,active,False,1,2025-06-18T16:33:04.394045
981,Conleth,conleth@example.com,temp_hash,Conleth,,,2,active,False,1,2025-06-18T16:33:04.394049
982,Blanca,blanca@example.com,temp_hash,Blanca,,,2,active,False,1,2025-06-18T16:33:04.394052
983,Dianne,dianne@example.com,temp_hash,Dianne,,,2,active,False,1,2025-06-18T16:33:04.394056
984,Olesya,olesya@example.com,temp_hash,Olesya,,,2,active,False,1,2025-06-18T16:33:04.394062
985,William,william@example.com,temp_hash,William,,,2,active,False,1,2025-06-18T16:33:04.394065
986,Greta,greta@example.com,temp_hash,Greta,,,2,active,False,1,2025-06-18T16:33:04.394069
987,Muthusamy,muthusamy@example.com,temp_hash,Muthusamy,,,2,active,False,1,2025-06-18T16:33:04.394073
988,Meshal,meshal@example.com,temp_hash,Meshal,,,2,active,False,1,2025-06-18T16:33:04.394076
989,Francisco,francisco@example.com,temp_hash,Francisco,,,2,active,False,1,2025-06-18T16:33:04.394079
990,Judith,judith@example.com,temp_hash,Judith,,,2,active,False,1,2025-06-18T16:33:04.394086
991,Savio,savio@example.com,temp_hash,Savio,,,2,active,False,1,2025-06-18T16:33:04.394089
992,Rezvan,rezvan@example.com,temp_hash,Rezvan,,,2,active,False,1,2025-06-18T16:33:04.394093
993,Mehmet,mehmet@example.com,temp_hash,Mehmet,,,2,active,False,1,2025-06-18T16:33:04.394096
994,Mahmoud,mahmoud@example.com,temp_hash,Mahmoud,,,2,active,False,1,2025-06-18T16:33:04.394100
995,manager1,manager1@radisson.com,temp_hash,Manager,1,,1,active,True,0,2025-06-18T16:33:04.394129
996,manager2,manager2@radisson.com,temp_hash,Manager,2,,1,active,True,0,2025-06-18T16:33:04.394133
997,manager3,manager3@radisson.com,temp_hash,Manager,3,,1,active,True,0,2025-06-18T16:33:04.394137
998,manager4,manager4@radisson.com,temp_hash,Manager,4,,1,active,True,0,2025-06-18T16:33:04.394141
999,manager5,manager5@radisson.com,temp_hash,Manager,5,,1,active,True,0,2025-06-18T16:33:04.394145
1000,manager6,manager6@radisson.com,temp_hash,Manager,6,,1,active,True,0,2025-06-18T16:33:04.394149
1001,manager7,manager7@radisson.com,temp_hash,Manager,7,,1,active,True,0,2025-06-18T16:33:04.394152
1002,manager8,manager8@radisson.com,temp_hash,Manager,8,,1,active,True,0,2025-06-18T16:33:04.394156
1003,manager9,manager9@radisson.com,temp_hash,Manager,9,,1,active,True,0,2025-06-18T16:33:04.394159
1004,manager10,manager10@radisson.com,temp_hash,Manager,10,,1,active,True,0,2025-06-18T16:33:04.394164
1005,manager11,manager11@radisson.com,temp_hash,Manager,11,,1,active,True,0,2025-06-18T16:33:04.394167
1006,manager12,manager12@radisson.com,temp_hash,Manager,12,,1,active,True,0,2025-06-18T16:33:04.394172
1007,manager13,manager13@radisson.com,temp_hash,Manager,13,,1,active,True,0,2025-06-18T16:33:04.394176
1008,manager14,manager14@radisson.com,temp_hash,Manager,14,,1,active,True,0,2025-06-18T16:33:04.394180
1009,manager15,manager15@radisson.com,temp_hash,Manager,15,,1,active,True,0,2025-06-18T16:33:04.394184
1010,manager16,manager16@radisson.com,temp_hash,Manager,16,,1,active,True,0,2025-06-18T16:33:04.394187
1011,manager17,manager17@radisson.com,temp_hash,Manager,17,,1,active,True,0,2025-06-18T16:33:04.394191
1012,manager18,manager18@radisson.com,temp_hash,Manager,18,,1,active,True,0,2025-06-18T16:33:04.394195
1013,manager19,manager19@radisson.com,temp_hash,Manager,19,,1,active,True,0,2025-06-18T16:33:04.394199
1014,manager20,manager20@radisson.com,temp_hash,Manager,20,,1,active,True,0,2025-06-18T16:33:04.394203
1015,manager21,manager21@radisson.com,temp_hash,Manager,21,,1,active,True,0,2025-06-18T16:33:04.394206
1016,manager22,manager22@radisson.com,temp_hash,Manager,22,,1,active,True,0,2025-06-18T16:33:04.394210
1017,manager23,manager23@radisson.com,temp_hash,Manager,23,,1,active,True,0,2025-06-18T16:33:04.394214
1018,manager24,manager24@radisson.com,temp_hash,Manager,24,,1,active,True,0,2025-06-18T16:33:04.394218
1019,manager25,manager25@radisson.com,temp_hash,Manager,25,,1,active,True,0,2025-06-18T16:33:04.394221
1020,manager26,manager26@radisson.com,temp_hash,Manager,26,,1,active,True,0,2025-06-18T16:33:04.394229
1021,manager27,manager27@radisson.com,temp_hash,Manager,27,,1,active,True,0,2025-06-18T16:33:04.394232
1022,manager28,manager28@radisson.com,temp_hash,Manager,28,,1,active,True,0,2025-06-18T16:33:04.394236
1023,manager29,manager29@radisson.com,temp_hash,Manager,29,,1,active,True,0,2025-06-18T16:33:04.394240
1024,manager30,manager30@radisson.com,temp_hash,Manager,30,,1,active,True,0,2025-06-18T16:33:04.394243
1025,manager31,manager31@radisson.com,temp_hash,Manager,31,,1,active,True,0,2025-06-18T16:33:04.394247
1026,manager32,manager32@radisson.com,temp_hash,Manager,32,,1,active,True,0,2025-06-18T16:33:04.394251
1027,manager33,manager33@radisson.com,temp_hash,Manager,33,,1,active,True,0,2025-06-18T16:33:04.394254
1028,manager34,manager34@radisson.com,temp_hash,Manager,34,,1,active,True,0,2025-06-18T16:33:04.394258
1029,manager35,manager35@radisson.com,temp_hash,Manager,35,,1,active,True,0,2025-06-18T16:33:04.394262
1030,manager36,manager36@radisson.com,temp_hash,Manager,36,,1,active,True,0,2025-06-18T16:33:04.394266
1031,manager37,manager37@radisson.com,temp_hash,Manager,37,,1,active,True,0,2025-06-18T16:33:04.394269
1032,manager38,manager38@radisson.com,temp_hash,Manager,38,,1,active,True,0,2025-06-18T16:33:04.394273
1033,manager39,manager39@radisson.com,temp_hash,Manager,39,,1,active,True,0,2025-06-18T16:33:04.394277
1034,manager40,manager40@radisson.com,temp_hash,Manager,40,,1,active,True,0,2025-06-18T16:33:04.394280
1035,manager41,manager41@radisson.com,temp_hash,Manager,41,,1,active,True,0,2025-06-18T16:33:04.394284
1036,manager42,manager42@radisson.com,temp_hash,Manager,42,,1,active,True,0,2025-06-18T16:33:04.394288
1037,manager43,manager43@radisson.com,temp_hash,Manager,43,,1,active,True,0,2025-06-18T16:33:04.394303
1038,manager44,manager44@radisson.com,temp_hash,Manager,44,,1,active,True,0,2025-06-18T16:33:04.394307
1039,manager45,manager45@radisson.com,temp_hash,Manager,45,,1,active,True,0,2025-06-18T16:33:04.394311
1040,admin1,admin1@sparklingawards.com,temp_hash,Administrator,1,,3,active,True,0,2025-06-18T16:33:04.394316
1041,admin2,admin2@sparklingawards.com,temp_hash,Administrator,2,,3,active,True,0,2025-06-18T16:33:04.394320
1042,admin3,admin3@sparklingawards.com,temp_hash,Administrator,3,,3,active,True,0,2025-06-18T16:33:04.394324
1043,admin4,admin4@sparklingawards.com,temp_hash,Administrator,4,,3,active,True,0,2025-06-18T16:33:04.394328
1044,admin5,admin5@sparklingawards.com,temp_hash,Administrator,5,,3,active,True,0,2025-06-18T16:33:04.394331
1045,admin6,admin6@sparklingawards.com,temp_hash,Administrator,6,,3,active,True,0,2025-06-18T16:33:04.394335
1046,dataop1,dataop1@sparklingawards.com,temp_hash,Data,Operator1,,4,active,True,0,2025-06-18T16:33:04.394340
1047,dataop2,dataop2@sparklingawards.com,temp_hash,Data,Operator2,,4,active,True,0,2025-06-18T16:33:04.394344
1048,dataop3,dataop3@sparklingawards.com,temp_hash,Data,Operator3,,4,active,True,0,2025-06-18T16:33:04.394348
1049,dataop4,dataop4@sparklingawards.com,temp_hash,Data,Operator4,,4,active,True,0,2025-06-18T16:33:04.394352
1050,dataop5,dataop5@sparklingawards.com,temp_hash,Data,Operator5,,4,active,True,0,2025-06-18T16:33:04.394355
